MRGID,name,iso,iso3,GEONAME,MRGID_TER1,POL_TYPE,MRGID_SOV1,TERRITORY1,ISO_TER1,SOVEREIGN1,MRGID_TER2,MRGID_SOV2,TERRITORY2,ISO_TER2,SOVEREIGN2,MRGID_TER3,MRGID_SOV3,TERRITORY3,ISO_TER3,SOVEREIGN3,X_1,Y_1,MRGID_EEZ,AREA_KM2,ISO_SOV1,ISO_SOV2,ISO_SOV3,UN_SOV1,UN_SOV2,UN_SOV3,UN_TER1,UN_TER2,UN_TER3,label,isoSov1,territory1,isoSov2,isoSov3
26519,Aruba,ABW,ABW,Dutch Exclusive Economic Zone (Aruba),8652,200NM,15,Aruba,ABW,Netherlands,NA,NA,NA,NA,NA,NA,NA,NA,NA,NA,-69.67341,13.74138,26519,30015,NLD,NA,NA,528,NA,NA,533,NA,NA,Dutch Exclusive Economic Zone (Aruba),NLD,Aruba,NA,NA
8478,Angola,AGO,AGO,Angolan Exclusive Economic Zone,2150,200NM,2150,Angola,AGO,Angola,NA,NA,NA,NA,NA,NA,NA,NA,NA,NA,11.03537,-11.7011,8478,495866,AGO,NA,NA,24,NA,NA,24,NA,NA,Angolan Exclusive Economic Zone,AGO,Angola,NA,NA
8412,Anguilla,AIA,AIA,British Exclusive Economic Zone (Anguilla),8643,200NM,2208,Anguilla,AIA,United Kingdom,NA,NA,NA,NA,NA,NA,NA,NA,NA,NA,-62.54329,20.01803,8412,90164,GBR,NA,NA,826,NA,NA,660,NA,NA,British Exclusive Economic Zone (Anguilla),GBR,Anguilla,NA,NA
5670,Albania,ALB,ALB,Albanian Exclusive Economic Zone,2153,200NM,2153,Albania,ALB,Albania,NA,NA,NA,NA,NA,NA,NA,NA,NA,NA,19.113,40.92708,5670,12165,ALB,NA,NA,8,NA,NA,8,NA,NA,Albanian Exclusive Economic Zone,ALB,Albania,NA,NA
8360,United Arab Emirates,ARE,ARE,Emirati Exclusive Economic Zone,2206,200NM,2206,United Arab Emirates,ARE,United Arab Emirates,NA,NA,NA,NA,NA,NA,NA,NA,NA,NA,53.89303,24.94396,8360,51674,ARE,NA,NA,784,NA,NA,784,NA,NA,Emirati Exclusive Economic Zone,ARE,United Arab Emirates,NA,NA
8466,Argentina,ARG,ARG,Argentinian Exclusive Economic Zone,2149,200NM,2149,Argentina,ARG,Argentina,NA,NA,NA,NA,NA,NA,NA,NA,NA,NA,-62.15567,-47.05868,8466,1075192,ARG,NA,NA,32,NA,NA,32,NA,NA,Argentinian Exclusive Economic Zone,ARG,Argentina,NA,NA
8444,American Samoa,ASM,ASM,United States Exclusive Economic Zone (American Samoa),8670,200NM,2204,American Samoa,ASM,United States,NA,NA,NA,NA,NA,NA,NA,NA,NA,NA,-169.06347,-13.85484,8444,405830,USA,NA,NA,840,NA,NA,16,NA,NA,United States Exclusive Economic Zone (American Samoa),USA,American Samoa,NA,NA
8386,Amsterdam and Saint Paul Islands,ATF,ATF,French Exclusive Economic Zone (Amsterdam and Saint Paul Islands),48979,200NM,17,Amsterdam and Saint Paul Islands,ATF,France,NA,NA,NA,NA,NA,NA,NA,NA,NA,NA,77.54181,-38.29431,8386,512188,FRA,NA,NA,250,NA,NA,260,NA,NA,French Exclusive Economic Zone (Amsterdam and Saint Paul Islands),FRA,Amsterdam and Saint Paul Islands,NA,NA
8385,Crozet Islands,ATF,ATF,French Exclusive Economic Zone (Crozet Islands),8627,200NM,17,Crozet Islands,ATF,France,NA,NA,NA,NA,NA,NA,NA,NA,NA,NA,51.21209,-46.30782,8385,575454,FRA,NA,NA,250,NA,NA,260,NA,NA,French Exclusive Economic Zone (Crozet Islands),FRA,Crozet Islands,NA,NA
8387,Kerguélen,ATF,ATF,French Exclusive Economic Zone (Kerguélen),8630,200NM,17,Kerguélen,ATF,France,NA,NA,NA,NA,NA,NA,NA,NA,NA,NA,68.9746,-48.87795,8387,550817,FRA,NA,NA,250,NA,NA,260,NA,NA,French Exclusive Economic Zone (Kerguélen),FRA,Kerguélen,NA,NA
8341,Europa Island,ATF,ATF,French Exclusive Economic Zone (Europa Island),8612,200NM,17,Europa Island,ATF,France,NA,NA,NA,NA,NA,NA,NA,NA,NA,NA,40.10928,-23.53682,8341,127936,FRA,NA,NA,250,NA,NA,260,NA,NA,French Exclusive Economic Zone (Europa Island),FRA,Europa Island,NA,NA
8339,Juan de Nova Island,ATF,ATF,French Exclusive Economic Zone (Juan de Nova Island),8610,200NM,17,Juan de Nova Island,ATF,France,NA,NA,NA,NA,NA,NA,NA,NA,NA,NA,42.09428,-17.30663,8339,62775,FRA,NA,NA,250,NA,NA,260,NA,NA,French Exclusive Economic Zone (Juan de Nova Island),FRA,Juan de Nova Island,NA,NA
8340,Bassas da India,ATF,ATF,French Exclusive Economic Zone (Bassas da India),31136,200NM,17,Bassas da India,ATF,France,NA,NA,NA,NA,NA,NA,NA,NA,NA,NA,39.42518,-20.86054,8340,120706,FRA,NA,NA,250,NA,NA,260,NA,NA,French Exclusive Economic Zone (Bassas da India),FRA,Bassas da India,NA,NA
8414,Antigua and Barbuda,ATG,ATG,Antiguan and Barbudan Exclusive Economic Zone,8645,200NM,8645,Antigua and Barbuda,ATG,Antigua and Barbuda,NA,NA,NA,NA,NA,NA,NA,NA,NA,NA,-60.57064,18.73279,8414,111568,ATG,NA,NA,28,NA,NA,28,NA,NA,Antiguan and Barbudan Exclusive Economic Zone,ATG,Antigua and Barbuda,NA,NA
8323,Australia,AUS,AUS,Australian Exclusive Economic Zone,2147,200NM,2147,Australia,AUS,Australia,NA,NA,NA,NA,NA,NA,NA,NA,NA,NA,138.08411,-27.36226,8323,6873830,AUS,NA,NA,36,NA,NA,36,NA,NA,Australian Exclusive Economic Zone,AUS,Australia,NA,NA
8311,Macquarie Island,AUS,AUS,Australian Exclusive Economic Zone (Macquarie Island),8592,200NM,2147,Macquarie Island,NA,Australia,NA,NA,NA,NA,NA,NA,NA,NA,NA,NA,158.65291,-54.8763,8311,476278,AUS,NA,NA,36,NA,NA,NA,NA,NA,Australian Exclusive Economic Zone (Macquarie Island),AUS,Macquarie Island,NA,NA
26524,Azerbaijan,AZE,AZE,Azerbaijani Exclusive Economic Zone,2134,200NM,2134,Azerbaijan,AZE,Azerbaijan,NA,NA,NA,NA,NA,NA,NA,NA,NA,NA,50.33172,40.2835,26524,80614,AZE,NA,NA,31,NA,NA,31,NA,NA,Azerbaijani Exclusive Economic Zone,AZE,Azerbaijan,NA,NA
3293,Belgium,BEL,BEL,Belgian Exclusive Economic Zone,14,200NM,14,Belgium,BEL,Belgium,NA,NA,NA,NA,NA,NA,NA,NA,NA,NA,2.72132,51.46321,3293,3531,BEL,NA,NA,56,NA,NA,56,NA,NA,Belgian Exclusive Economic Zone,BEL,Belgium,NA,NA
8393,Benin,BEN,BEN,Beninese Exclusive Economic Zone,2139,200NM,2139,Benin,BEN,Benin,NA,NA,NA,NA,NA,NA,NA,NA,NA,NA,2.42123,4.84155,8393,35493,BEN,NA,NA,204,NA,NA,204,NA,NA,Beninese Exclusive Economic Zone,BEN,Benin,NA,NA
26520,Bonaire,BES,BES,Dutch Exclusive Economic Zone (Bonaire),15074,200NM,15,Bonaire,BES,Netherlands,NA,NA,NA,NA,NA,NA,NA,NA,NA,NA,-68.36978,12.7112,26520,13005,NLD,NA,NA,528,NA,NA,535,NA,NA,Dutch Exclusive Economic Zone (Bonaire),NLD,Bonaire,NA,NA
26518,Saba,BES,BES,Dutch Exclusive Economic Zone (Saba),19095,200NM,15,Saba,BES,Netherlands,NA,NA,NA,NA,NA,NA,NA,NA,NA,NA,-63.60185,17.37739,26518,9487,NLD,NA,NA,528,NA,NA,535,NA,NA,Dutch Exclusive Economic Zone (Saba),NLD,Saba,NA,NA
26526,Sint-Eustatius,BES,BES,Dutch Exclusive Economic Zone (Sint-Eustatius),26525,200NM,15,Sint-Eustatius,BES,Netherlands,NA,NA,NA,NA,NA,NA,NA,NA,NA,NA,-63.12987,17.3389,26526,2176,NLD,NA,NA,528,NA,NA,535,NA,NA,Dutch Exclusive Economic Zone (Sint-Eustatius),NLD,Sint-Eustatius,NA,NA
8481,Bangladesh,BGD,BGD,Bangladeshi Exclusive Economic Zone,2142,200NM,2142,Bangladesh,BGD,Bangladesh,NA,NA,NA,NA,NA,NA,NA,NA,NA,NA,90.56153,20.47561,8481,112166,BGD,NA,NA,50,NA,NA,50,NA,NA,Bangladeshi Exclusive Economic Zone,BGD,Bangladesh,NA,NA
5672,Bulgaria,BGR,BGR,Bulgarian Exclusive Economic Zone,2174,200NM,2174,Bulgaria,BGR,Bulgaria,NA,NA,NA,NA,NA,NA,NA,NA,NA,NA,29.20165,42.93396,5672,34745,BGR,NA,NA,100,NA,NA,100,NA,NA,Bulgarian Exclusive Economic Zone,BGR,Bulgaria,NA,NA
8358,Bahrain,BHR,BHR,Bahraini Exclusive Economic Zone,2154,200NM,2154,Bahrain,BHR,Bahrain,NA,NA,NA,NA,NA,NA,NA,NA,NA,NA,50.70534,26.3354,8358,7516,BHR,NA,NA,48,NA,NA,48,NA,NA,Bahraini Exclusive Economic Zone,BHR,Bahrain,NA,NA
8404,Bahamas,BHS,BHS,Bahamian Exclusive Economic Zone,2144,200NM,2144,Bahamas,BHS,Bahamas,NA,NA,NA,NA,NA,NA,NA,NA,NA,NA,-75.57785,25.11716,8404,619785,BHS,NA,NA,44,NA,NA,44,NA,NA,Bahamian Exclusive Economic Zone,BHS,Bahamas,NA,NA
22491,Bosnia and Herzegovina,BIH,BIH,Bosnian and Herzegovinian Exclusive Economic Zone,2136,200NM,2136,Bosnia and Herzegovina,BIH,Bosnia and Herzegovina,NA,NA,NA,NA,NA,NA,NA,NA,NA,NA,17.59256,42.91656,22491,13,BIH,NA,NA,70,NA,NA,70,NA,NA,Bosnian and Herzegovinian Exclusive Economic Zone,BIH,Bosnia and Herzegovina,NA,NA
48952,Saint-Barthélemy,BLM,BLM,French Exclusive Economic Zone (Saint-Barthélemy),19099,200NM,17,Saint-Barthélemy,BLM,France,NA,NA,NA,NA,NA,NA,NA,NA,NA,NA,-62.6274,17.9327,48952,4179,FRA,NA,NA,250,NA,NA,652,NA,NA,French Exclusive Economic Zone (Saint-Barthélemy),FRA,Saint-Barthélemy,NA,NA
8457,Belize,BLZ,BLZ,Belizean Exclusive Economic Zone,8681,200NM,8681,Belize,BLZ,Belize,NA,NA,NA,NA,NA,NA,NA,NA,NA,NA,-87.56601,17.23444,8457,32862,BLZ,NA,NA,84,NA,NA,84,NA,NA,Belizean Exclusive Economic Zone,BLZ,Belize,NA,NA
8402,Bermuda,BMU,BMU,British Exclusive Economic Zone (Bermuda),8636,200NM,2208,Bermuda,BMU,United Kingdom,NA,NA,NA,NA,NA,NA,NA,NA,NA,NA,-64.80693,32.36899,8402,464389,GBR,NA,NA,826,NA,NA,60,NA,NA,British Exclusive Economic Zone (Bermuda),GBR,Bermuda,NA,NA
8381,Trindade,BRA,BRA,Brazilian Exclusive Economic Zone (Trindade),8622,200NM,2143,Trindade,NA,Brazil,NA,NA,NA,NA,NA,NA,NA,NA,NA,NA,-29.09644,-20.50277,8381,472481,BRA,NA,NA,76,NA,NA,NA,NA,NA,Brazilian Exclusive Economic Zone (Trindade),BRA,Trindade,NA,NA
8464,Brazil,BRA,BRA,Brazilian Exclusive Economic Zone,2143,200NM,2143,Brazil,BRA,Brazil,NA,NA,NA,NA,NA,NA,NA,NA,NA,NA,-39.44423,-11.09799,8464,3205183,BRA,NA,NA,76,NA,NA,76,NA,NA,Brazilian Exclusive Economic Zone,BRA,Brazil,NA,NA
8418,Barbados,BRB,BRB,Barbadian Exclusive Economic Zone,8649,200NM,8649,Barbados,BRB,Barbados,NA,NA,NA,NA,NA,NA,NA,NA,NA,NA,-57.99356,13.32288,8418,185007,BRB,NA,NA,52,NA,NA,52,NA,NA,Barbadian Exclusive Economic Zone,BRB,Barbados,NA,NA
26521,Brunei,BRN,BRN,Bruneian Exclusive Economic Zone,2145,200NM,2145,Brunei,BRN,Brunei,NA,NA,NA,NA,NA,NA,NA,NA,NA,NA,113.38608,6.06282,26521,43038,BRN,NA,NA,96,NA,NA,96,NA,NA,Bruneian Exclusive Economic Zone,BRN,Brunei,NA,NA
8493,Canada,CAN,CAN,Canadian Exclusive Economic Zone,2169,200NM,2169,Canada,CAN,Canada,NA,NA,NA,NA,NA,NA,NA,NA,NA,NA,-89.94236,68.58756,8493,5740658,CAN,NA,NA,124,NA,NA,124,NA,NA,Canadian Exclusive Economic Zone,CAN,Canada,NA,NA
8308,Cocos Islands,CCK,CCK,Australian Exclusive Economic Zone (Cocos Islands),8589,200NM,2147,Cocos Islands,CCK,Australia,NA,NA,NA,NA,NA,NA,NA,NA,NA,NA,96.85434,-12.03146,8308,467440,AUS,NA,NA,36,NA,NA,166,NA,NA,Australian Exclusive Economic Zone (Cocos Islands),AUS,Cocos Islands,NA,NA
8465,Chile,CHL,CHL,Chilean Exclusive Economic Zone,2165,200NM,2165,Chile,CHL,Chile,NA,NA,NA,NA,NA,NA,NA,NA,NA,NA,-75.62881,-40.98629,8465,2488052,CHL,NA,NA,152,NA,NA,152,NA,NA,Chilean Exclusive Economic Zone,CHL,Chile,NA,NA
22756,Islas San Félix and San Ambrosio,CHL,CHL,Chilean Exclusive Economic Zone (Islas San Félix and San Ambrosio),25135,200NM,2165,Islas San Félix and San Ambrosio,CHL,Chile,NA,NA,NA,NA,NA,NA,NA,NA,NA,NA,-79.99086,-26.33091,22756,450960,CHL,NA,NA,152,NA,NA,152,NA,NA,Chilean Exclusive Economic Zone (Islas San Félix and San Ambrosio),CHL,Islas San Félix and San Ambrosio,NA,NA
21787,Easter Island,CHL,CHL,Chilean Exclusive Economic Zone (Easter Island),15120,200NM,2165,Easter Island,NA,Chile,NA,NA,NA,NA,NA,NA,NA,NA,NA,NA,-107.43869,-26.824,21787,729763,CHL,NA,NA,152,NA,NA,NA,NA,NA,Chilean Exclusive Economic Zone (Easter Island),CHL,Easter Island,NA,NA
8486,China,CHN,CHN,Chinese Exclusive Economic Zone,8603,200NM,8603,China,CHN,China,NA,NA,NA,NA,NA,NA,NA,NA,NA,NA,118.1457,27.73853,8486,963556,CHN,NA,NA,156,NA,NA,156,NA,NA,Chinese Exclusive Economic Zone,CHN,China,NA,NA
8473,Ivory Coast,CIV,CIV,Ivorian Exclusive Economic Zone,2161,200NM,2161,Ivory Coast,CIV,Ivory Coast,NA,NA,NA,NA,NA,NA,NA,NA,NA,NA,-5.45221,3.30891,8473,171760,CIV,NA,NA,384,NA,NA,384,NA,NA,Ivorian Exclusive Economic Zone,CIV,Ivory Coast,NA,NA
8475,Cameroon,CMR,CMR,Cameroonian Exclusive Economic Zone,2170,200NM,2170,Cameroon,CMR,Cameroon,NA,NA,NA,NA,NA,NA,NA,NA,NA,NA,9.31089,3.46278,8475,15143,CMR,NA,NA,120,NA,NA,120,NA,NA,Cameroonian Exclusive Economic Zone,CMR,Cameroon,NA,NA
8477,Democratic Republic of the Congo,COD,COD,Congolese (Democratic Republic of) Exclusive Economic Zone,2198,200NM,2198,Democratic Republic of the Congo,COD,Democratic Republic of the Congo,NA,NA,NA,NA,NA,NA,NA,NA,NA,NA,10.73256,-6.40153,8477,13373,COD,NA,NA,180,NA,NA,180,NA,NA,Congolese (Democratic Republic of) Exclusive Economic Zone,COD,Democratic Republic of the Congo,NA,NA
8394,Republic of the Congo,COG,COG,Congolese (Republic of) Exclusive Economic Zone,8633,200NM,8633,Republic of the Congo,COG,Republic of the Congo,NA,NA,NA,NA,NA,NA,NA,NA,NA,NA,10.59577,-5.33648,8394,33807,COG,NA,NA,178,NA,NA,178,NA,NA,Congolese (Republic of) Exclusive Economic Zone,COG,Republic of the Congo,NA,NA
8446,Cook Islands,COK,COK,New Zealand Exclusive Economic Zone (Cook Islands),8672,200NM,2227,Cook Islands,COK,New Zealand,NA,NA,NA,NA,NA,NA,NA,NA,NA,NA,-161.30341,-15.01891,8446,1969553,NZL,NA,NA,554,NA,NA,184,NA,NA,New Zealand Exclusive Economic Zone (Cook Islands),NZL,Cook Islands,NA,NA
8426,Colombia,COL,COL,Colombian Exclusive Economic Zone,2175,200NM,2175,Colombia,COL,Colombia,NA,NA,NA,NA,NA,NA,NA,NA,NA,NA,-78.06222,8.60754,8426,718338,COL,NA,NA,170,NA,NA,170,NA,NA,Colombian Exclusive Economic Zone,COL,Colombia,NA,NA
62596,Serrana Bank,COL,COL,Colombian Exclusive Economic Zone (Serrana Bank),5770,200NM,2175,Serrana Bank,NA,Colombia,NA,NA,NA,NA,NA,NA,NA,NA,NA,NA,-80.30185,14.38087,62596,2838,COL,NA,NA,170,NA,NA,NA,NA,NA,Colombian Exclusive Economic Zone (Serrana Bank),COL,Serrana Bank,NA,NA
62598,Quitasueño Bank,COL,COL,Colombian Exclusive Economic Zone (Quitasueño Bank),5765,200NM,2175,Quitasueño Bank,NA,Colombia,NA,NA,NA,NA,NA,NA,NA,NA,NA,NA,-81.16088,14.30362,62598,3689,COL,NA,NA,170,NA,NA,NA,NA,NA,Colombian Exclusive Economic Zone (Quitasueño Bank),COL,Quitasueño Bank,NA,NA
48984,Serranilla Bank,COL,COL,Colombian Exclusive Economic Zone (Serranilla Bank),5772,200NM,2175,Serranilla Bank,NA,Colombia,NA,NA,NA,NA,NA,NA,NA,NA,NA,NA,-79.85562,15.79719,48984,1552,COL,NA,NA,170,NA,NA,NA,NA,NA,Colombian Exclusive Economic Zone (Serranilla Bank),COL,Serranilla Bank,NA,NA
48985,Bajo Nuevo Bank,COL,COL,Colombian Exclusive Economic Zone (Bajo Nuevo Bank),48983,200NM,2175,Bajo Nuevo Bank,NA,Colombia,NA,NA,NA,NA,NA,NA,NA,NA,NA,NA,-78.63333,15.84999,48985,1550,COL,NA,NA,170,NA,NA,NA,NA,NA,Colombian Exclusive Economic Zone (Bajo Nuevo Bank),COL,Bajo Nuevo Bank,NA,NA
8334,Comores,COM,COM,Comoran Exclusive Economic Zone,2163,200NM,2163,Comores,COM,Comores,NA,NA,NA,NA,NA,NA,NA,NA,NA,NA,43.45423,-11.42314,8334,164476,COM,NA,NA,174,NA,NA,174,NA,NA,Comoran Exclusive Economic Zone,COM,Comores,NA,NA
8362,Cape Verde,CPV,CPV,Cape Verdean Exclusive Economic Zone,2168,200NM,2168,Cape Verde,CPV,Cape Verde,NA,NA,NA,NA,NA,NA,NA,NA,NA,NA,-24.17164,16.0919,8362,801936,CPV,NA,NA,132,NA,NA,132,NA,NA,Cape Verdean Exclusive Economic Zone,CPV,Cape Verde,NA,NA
8424,Costa Rica,CRI,CRI,Costa Rican Exclusive Economic Zone,2162,200NM,2162,Costa Rica,CRI,Costa Rica,NA,NA,NA,NA,NA,NA,NA,NA,NA,NA,-86.50737,6.73691,8424,581726,CRI,NA,NA,188,NA,NA,188,NA,NA,Costa Rican Exclusive Economic Zone,CRI,Costa Rica,NA,NA
8406,Cuba,CUB,CUB,Cuban Exclusive Economic Zone,8637,200NM,8637,Cuba,CUB,Cuba,NA,NA,NA,NA,NA,NA,NA,NA,NA,NA,-81.5305,21.60004,8406,352259,CUB,NA,NA,192,NA,NA,192,NA,NA,Cuban Exclusive Economic Zone,CUB,Cuba,NA,NA
26517,Curaçao,CUW,CUW,Dutch Exclusive Economic Zone (Curaçao),19143,200NM,15,Curaçao,CUW,Netherlands,NA,NA,NA,NA,NA,NA,NA,NA,NA,NA,-68.97176,13.16246,26517,25401,NLD,NA,NA,528,NA,NA,531,NA,NA,Dutch Exclusive Economic Zone (Curaçao),NLD,Curaçao,NA,NA
8309,Christmas Island,CXR,CXR,Australian Exclusive Economic Zone (Christmas Island),8590,200NM,2147,Christmas Island,CXR,Australia,NA,NA,NA,NA,NA,NA,NA,NA,NA,NA,105.36523,-11.24358,8309,327994,AUS,NA,NA,36,NA,NA,162,NA,NA,Australian Exclusive Economic Zone (Christmas Island),AUS,Christmas Island,NA,NA
8407,Cayman Islands,CYM,CYM,British Exclusive Economic Zone (Cayman Islands),8638,200NM,2208,Cayman Islands,CYM,United Kingdom,NA,NA,NA,NA,NA,NA,NA,NA,NA,NA,-81.13914,19.15345,8407,118291,GBR,NA,NA,826,NA,NA,136,NA,NA,British Exclusive Economic Zone (Cayman Islands),GBR,Cayman Islands,NA,NA
8376,Cyprus,CYP,CYP,Cypriote Exclusive Economic Zone,2159,200NM,2159,Cyprus,CYP,Cyprus,NA,NA,NA,NA,NA,NA,NA,NA,NA,NA,32.63526,34.48929,8376,98450,CYP,NA,NA,196,NA,NA,196,NA,NA,Cypriote Exclusive Economic Zone,CYP,Cyprus,NA,NA
5669,Germany,DEU,DEU,German Exclusive Economic Zone,2101,200NM,2101,Germany,DEU,Germany,NA,NA,NA,NA,NA,NA,NA,NA,NA,NA,8.39609,54.55382,5669,56831,DEU,NA,NA,276,NA,NA,276,NA,NA,German Exclusive Economic Zone,DEU,Germany,NA,NA
8352,Djibouti,DJI,DJI,Djiboutian Exclusive Economic Zone,2131,200NM,2131,Djibouti,DJI,Djibouti,NA,NA,NA,NA,NA,NA,NA,NA,NA,NA,43.43296,11.9971,8352,7223,DJI,NA,NA,262,NA,NA,262,NA,NA,Djiboutian Exclusive Economic Zone,DJI,Djibouti,NA,NA
8417,Dominica,DMA,DMA,Dominican Exclusive Economic Zone,8648,200NM,8648,Dominica,DMA,Dominica,NA,NA,NA,NA,NA,NA,NA,NA,NA,NA,-60.72114,15.49739,8417,28552,DMA,NA,NA,212,NA,NA,212,NA,NA,Dominican Exclusive Economic Zone,DMA,Dominica,NA,NA
5674,Denmark,DNK,DNK,Danish Exclusive Economic Zone,2157,200NM,2157,Denmark,DNK,Denmark,NA,NA,NA,NA,NA,NA,NA,NA,NA,NA,9.20529,56.15007,5674,104229,DNK,NA,NA,208,NA,NA,208,NA,NA,Danish Exclusive Economic Zone,DNK,Denmark,NA,NA
8409,Dominican Republic,DOM,DOM,Dominican (Republic) Exclusive Economic Zone,8640,200NM,8640,Dominican Republic,DOM,Dominican Republic,NA,NA,NA,NA,NA,NA,NA,NA,NA,NA,-69.67224,19.13826,8409,350694,DOM,NA,NA,214,NA,NA,214,NA,NA,Dominican (Republic) Exclusive Economic Zone,DOM,Dominican Republic,NA,NA
8378,Algeria,DZA,DZA,Algerian Exclusive Economic Zone,2152,200NM,2152,Algeria,DZA,Algeria,NA,NA,NA,NA,NA,NA,NA,NA,NA,NA,3.53979,37.20344,8378,131193,DZA,NA,NA,12,NA,NA,12,NA,NA,Algerian Exclusive Economic Zone,DZA,Algeria,NA,NA
8403,Galapagos,ECU,ECU,Ecuadorian Exclusive Economic Zone (Galapagos),5660,200NM,2166,Galapagos,NA,Ecuador,NA,NA,NA,NA,NA,NA,NA,NA,NA,NA,-90.83174,-0.04184,8403,841438,ECU,NA,NA,218,NA,NA,NA,NA,NA,Ecuadorian Exclusive Economic Zone (Galapagos),ECU,Galapagos,NA,NA
8431,Ecuador,ECU,ECU,Ecuadorian Exclusive Economic Zone,2166,200NM,2166,Ecuador,ECU,Ecuador,NA,NA,NA,NA,NA,NA,NA,NA,NA,NA,-82.20864,-0.96556,8431,236293,ECU,NA,NA,218,NA,NA,218,NA,NA,Ecuadorian Exclusive Economic Zone,ECU,Ecuador,NA,NA
8490,Egypt,EGY,EGY,Egyptian Exclusive Economic Zone,3868,200NM,3868,Egypt,EGY,Egypt,NA,NA,NA,NA,NA,NA,NA,NA,NA,NA,31.15948,30.4476,8490,242929,EGY,NA,NA,818,NA,NA,818,NA,NA,Egyptian Exclusive Economic Zone,EGY,Egypt,NA,NA
8351,Eritrea,ERI,ERI,Eritrean Exclusive Economic Zone,2111,200NM,2111,Eritrea,ERI,Eritrea,NA,NA,NA,NA,NA,NA,NA,NA,NA,NA,40.59255,15.82346,8351,78110,ERI,NA,NA,232,NA,NA,232,NA,NA,Eritrean Exclusive Economic Zone,ERI,Eritrea,NA,NA
8364,Canary Islands,ESP,ESP,Spanish Exclusive Economic Zone (Canary Islands),3743,200NM,2185,Canary Islands,NA,Spain,NA,NA,NA,NA,NA,NA,NA,NA,NA,NA,-17.61396,28.36715,8364,445910,ESP,NA,NA,724,NA,NA,NA,NA,NA,Spanish Exclusive Economic Zone (Canary Islands),ESP,Canary Islands,NA,NA
5693,Spain,ESP,ESP,Spanish Exclusive Economic Zone,2185,200NM,2185,Spain,ESP,Spain,NA,NA,NA,NA,NA,NA,NA,NA,NA,NA,-4.15801,41.72201,5693,561763,ESP,NA,NA,724,NA,NA,724,NA,NA,Spanish Exclusive Economic Zone,ESP,Spain,NA,NA
5675,Estonia,EST,EST,Estonian Exclusive Economic Zone,2110,200NM,2110,Estonia,EST,Estonia,NA,NA,NA,NA,NA,NA,NA,NA,NA,NA,23.00232,58.77012,5675,36451,EST,NA,NA,233,NA,NA,233,NA,NA,Estonian Exclusive Economic Zone,EST,Estonia,NA,NA
5676,Finland,FIN,FIN,Finnish Exclusive Economic Zone,2106,200NM,2106,Finland,FIN,Finland,NA,NA,NA,NA,NA,NA,NA,NA,NA,NA,21.88919,61.75484,5676,81553,FIN,NA,NA,246,NA,NA,246,NA,NA,Finnish Exclusive Economic Zone,FIN,Finland,NA,NA
8325,Fiji,FJI,FJI,Fijian Exclusive Economic Zone,2108,200NM,2108,Fiji,FJI,Fiji,NA,NA,NA,NA,NA,NA,NA,NA,NA,NA,93.67735,-17.94847,8325,1302114,FJI,NA,NA,242,NA,NA,242,NA,NA,Fijian Exclusive Economic Zone,FJI,Fiji,NA,NA
8401,Clipperton Island,FRA,FRA,French Exclusive Economic Zone (Clipperton Island),8635,200NM,17,Clipperton Island,NA,France,NA,NA,NA,NA,NA,NA,NA,NA,NA,NA,-109.21728,10.30869,8401,435657,FRA,NA,NA,250,NA,NA,NA,NA,NA,French Exclusive Economic Zone (Clipperton Island),FRA,Clipperton Island,NA,NA
5677,France,FRA,FRA,French Exclusive Economic Zone,17,200NM,17,France,FRA,France,NA,NA,NA,NA,NA,NA,NA,NA,NA,NA,-1.9613,46.07075,5677,348474,FRA,NA,NA,250,NA,NA,250,NA,NA,French Exclusive Economic Zone,FRA,France,NA,NA
8435,Faeroe,FRO,FRO,Danish Exclusive Economic Zone (Faeroe),3297,200NM,2157,Faeroe,FRO,Denmark,NA,NA,NA,NA,NA,NA,NA,NA,NA,NA,-6.9969,62.5946,8435,265326,DNK,NA,NA,208,NA,NA,234,NA,NA,Danish Exclusive Economic Zone (Faeroe),DNK,Faeroe,NA,NA
8316,Micronesia,FSM,FSM,Micronesian Exclusive Economic Zone,8595,200NM,8595,Micronesia,FSM,Micronesia,NA,NA,NA,NA,NA,NA,NA,NA,NA,NA,150.32248,6.76843,8316,3007718,FSM,NA,NA,583,NA,NA,583,NA,NA,Micronesian Exclusive Economic Zone,FSM,Micronesia,NA,NA
8476,Gabon,GAB,GAB,Gabonese Exclusive Economic Zone,2104,200NM,2104,Gabon,GAB,Gabon,NA,NA,NA,NA,NA,NA,NA,NA,NA,NA,8.73897,-3.06254,8476,201759,GAB,NA,NA,266,NA,NA,266,NA,NA,Gabonese Exclusive Economic Zone,GAB,Gabon,NA,NA
5696,United Kingdom,GBR,GBR,British Exclusive Economic Zone,2208,200NM,2208,United Kingdom,GBR,United Kingdom,NA,NA,NA,NA,NA,NA,NA,NA,NA,NA,-4.28845,56.79247,5696,727260,GBR,NA,NA,826,NA,NA,826,NA,NA,British Exclusive Economic Zone,GBR,United Kingdom,NA,NA
5678,Georgia,GEO,GEO,Georgian Exclusive Economic Zone,2102,200NM,2102,Georgia,GEO,Georgia,NA,NA,NA,NA,NA,NA,NA,NA,NA,NA,40.56174,42.44625,5678,22944,GEO,NA,NA,268,NA,NA,268,NA,NA,Georgian Exclusive Economic Zone,GEO,Georgia,NA,NA
21788,Guernsey,GGY,GGY,British Exclusive Economic Zone (Guernsey),4377,200NM,2208,Guernsey,GGY,United Kingdom,NA,NA,NA,NA,NA,NA,NA,NA,NA,NA,-2.49561,49.58296,21788,3680,GBR,NA,NA,826,NA,NA,831,NA,NA,British Exclusive Economic Zone (Guernsey),GBR,Guernsey,NA,NA
8400,Ghana,GHA,GHA,Ghanaian Exclusive Economic Zone,2100,200NM,2100,Ghana,GHA,Ghana,NA,NA,NA,NA,NA,NA,NA,NA,NA,NA,-0.85027,3.50201,8400,227500,GHA,NA,NA,288,NA,NA,288,NA,NA,Ghanaian Exclusive Economic Zone,GHA,Ghana,NA,NA
8472,Guinea,GIN,GIN,Guinean Exclusive Economic Zone,2122,200NM,2122,Guinea,GIN,Guinea,NA,NA,NA,NA,NA,NA,NA,NA,NA,NA,-15.62051,9.18114,8472,102163,GIN,NA,NA,324,NA,NA,324,NA,NA,Guinean Exclusive Economic Zone,GIN,Guinea,NA,NA
33177,Guadeloupe,GLP,GLP,French Exclusive Economic Zone (Guadeloupe),8654,200NM,17,Guadeloupe,GLP,France,NA,NA,NA,NA,NA,NA,NA,NA,NA,NA,-59.85044,16.7988,33177,90705,FRA,NA,NA,250,NA,NA,312,NA,NA,French Exclusive Economic Zone (Guadeloupe),FRA,Guadeloupe,NA,NA
8370,Gambia,GMB,GMB,Gambian Exclusive Economic Zone,2113,200NM,2113,Gambia,GMB,Gambia,NA,NA,NA,NA,NA,NA,NA,NA,NA,NA,-18.38751,13.32867,8370,23097,GMB,NA,NA,270,NA,NA,270,NA,NA,Gambian Exclusive Economic Zone,GMB,Gambia,NA,NA
8471,Guinea-Bissau,GNB,GNB,Bissau-Guinean Exclusive Economic Zone,8685,200NM,8685,Guinea-Bissau,GNB,Guinea-Bissau,NA,NA,NA,NA,NA,NA,NA,NA,NA,NA,-17.5672,10.58066,8471,106870,GNB,NA,NA,624,NA,NA,624,NA,NA,Bissau-Guinean Exclusive Economic Zone,GNB,Guinea-Bissau,NA,NA
8398,Equatorial Guinea,GNQ,GNQ,Equatorial Guinean Exclusive Economic Zone,2112,200NM,2112,Equatorial Guinea,GNQ,Equatorial Guinea,NA,NA,NA,NA,NA,NA,NA,NA,NA,NA,5.43745,-1.37183,8398,304133,GNQ,NA,NA,226,NA,NA,226,NA,NA,Equatorial Guinean Exclusive Economic Zone,GNQ,Equatorial Guinea,NA,NA
5679,Greece,GRC,GRC,Greek Exclusive Economic Zone,2099,200NM,2099,Greece,GRC,Greece,NA,NA,NA,NA,NA,NA,NA,NA,NA,NA,23.93215,36.5072,5679,482936,GRC,NA,NA,300,NA,NA,300,NA,NA,Greek Exclusive Economic Zone,GRC,Greece,NA,NA
8419,Grenada,GRD,GRD,Grenadian Exclusive Economic Zone,8650,200NM,8650,Grenada,GRD,Grenada,NA,NA,NA,NA,NA,NA,NA,NA,NA,NA,-62.05881,12.24388,8419,25571,GRD,NA,NA,308,NA,NA,308,NA,NA,Grenadian Exclusive Economic Zone,GRD,Grenada,NA,NA
8438,Greenland,GRL,GRL,Danish Exclusive Economic Zone (Greenland),2260,200NM,2157,Greenland,GRL,Denmark,NA,NA,NA,NA,NA,NA,NA,NA,NA,NA,-31.97096,75.47965,8438,2268623,DNK,NA,NA,208,NA,NA,304,NA,NA,Danish Exclusive Economic Zone (Greenland),DNK,Greenland,NA,NA
8430,Guatemala,GTM,GTM,Guatemalan Exclusive Economic Zone,2097,200NM,2097,Guatemala,GTM,Guatemala,NA,NA,NA,NA,NA,NA,NA,NA,NA,NA,-92.0908,12.55243,8430,110695,GTM,NA,NA,320,NA,NA,320,NA,NA,Guatemalan Exclusive Economic Zone,GTM,Guatemala,NA,NA
8462,French Guiana,GUF,GUF,French Exclusive Economic Zone (French Guiana),8683,200NM,17,French Guiana,GUF,France,NA,NA,NA,NA,NA,NA,NA,NA,NA,NA,-51.75618,6.6809,8462,131247,FRA,NA,NA,250,NA,NA,254,NA,NA,French Exclusive Economic Zone (French Guiana),FRA,French Guiana,NA,NA
48957,Guam,GUM,GUM,United States Exclusive Economic Zone (Guam),8599,200NM,2204,Guam,GUM,United States,NA,NA,NA,NA,NA,NA,NA,NA,NA,NA,144.00261,12.92958,48957,208234,USA,NA,NA,840,NA,NA,316,NA,NA,United States Exclusive Economic Zone (Guam),USA,Guam,NA,NA
8460,Guyana,GUY,GUY,Guyanese Exclusive Economic Zone,2124,200NM,2124,Guyana,GUY,Guyana,NA,NA,NA,NA,NA,NA,NA,NA,NA,NA,-57.64094,8.61338,8460,135060,GUY,NA,NA,328,NA,NA,328,NA,NA,Guyanese Exclusive Economic Zone,GUY,Guyana,NA,NA
8388,Heard and McDonald Islands,HMD,HMD,Australian Exclusive Economic Zone (Heard and McDonald Islands),8631,200NM,2147,Heard and McDonald Islands,HMD,Australia,NA,NA,NA,NA,NA,NA,NA,NA,NA,NA,73.73051,-53.49863,8388,417321,AUS,NA,NA,36,NA,NA,334,NA,NA,Australian Exclusive Economic Zone (Heard and McDonald Islands),AUS,Heard and McDonald Islands,NA,NA
8427,Honduras,HND,HND,Honduran Exclusive Economic Zone,2103,200NM,2103,Honduras,HND,Honduras,NA,NA,NA,NA,NA,NA,NA,NA,NA,NA,-83.84845,16.91154,8427,208636,HND,NA,NA,340,NA,NA,340,NA,NA,Honduran Exclusive Economic Zone,HND,Honduras,NA,NA
5673,Croatia,HRV,HRV,Croatian Exclusive Economic Zone,2160,200NM,2160,Croatia,HRV,Croatia,NA,NA,NA,NA,NA,NA,NA,NA,NA,NA,15.64779,43.43699,5673,55159,HRV,NA,NA,191,NA,NA,191,NA,NA,Croatian Exclusive Economic Zone,HRV,Croatia,NA,NA
8408,Haiti,HTI,HTI,Haitian Exclusive Economic Zone,8639,200NM,8639,Haiti,HTI,Haiti,NA,NA,NA,NA,NA,NA,NA,NA,NA,NA,-73.54856,17.91219,8408,103485,HTI,NA,NA,332,NA,NA,332,NA,NA,Haitian Exclusive Economic Zone,HTI,Haiti,NA,NA
8492,Indonesia,IDN,IDN,Indonesian Exclusive Economic Zone,2127,200NM,2127,Indonesia,IDN,Indonesia,NA,NA,NA,NA,NA,NA,NA,NA,NA,NA,117.89121,-3.30578,8492,6019205,IDN,NA,NA,360,NA,NA,360,NA,NA,Indonesian Exclusive Economic Zone,IDN,Indonesia,NA,NA
64446,Isle of Man,IMN,IMN,British Exclusive Economic Zone (Isle of Man),4530,200NM,2208,Isle of Man,IMN,United Kingdom,NA,NA,NA,NA,NA,NA,NA,NA,NA,NA,-4.57203,54.18818,64446,3961,GBR,NA,NA,826,NA,NA,833,NA,NA,British Exclusive Economic Zone (Isle of Man),GBR,Isle of Man,NA,NA
8333,Andaman and Nicobar,IND,IND,Indian Exclusive Economic Zone (Andaman and Nicobar Islands),8605,200NM,2128,Andaman and Nicobar,NA,India,NA,NA,NA,NA,NA,NA,NA,NA,NA,NA,92.18967,9.97738,8333,664448,IND,NA,NA,356,NA,NA,NA,NA,NA,Indian Exclusive Economic Zone (Andaman and Nicobar Islands),IND,Andaman and Nicobar,NA,NA
8480,India,IND,IND,Indian Exclusive Economic Zone,2128,200NM,2128,India,IND,India,NA,NA,NA,NA,NA,NA,NA,NA,NA,NA,76.08526,14.59807,8480,1659500,IND,NA,NA,356,NA,NA,356,NA,NA,Indian Exclusive Economic Zone,IND,India,NA,NA
5681,Ireland,IRL,IRL,Irish Exclusive Economic Zone,2114,200NM,2114,Ireland,IRL,Ireland,NA,NA,NA,NA,NA,NA,NA,NA,NA,NA,-11.75544,52.65304,5681,428004,IRL,NA,NA,372,NA,NA,372,NA,NA,Irish Exclusive Economic Zone,IRL,Ireland,NA,NA
8469,Iran,IRN,IRN,Iranian Exclusive Economic Zone,2126,200NM,2126,Iran,IRN,Iran,NA,NA,NA,NA,NA,NA,NA,NA,NA,NA,53.87936,29.7816,8469,215613,IRN,NA,NA,364,NA,NA,364,NA,NA,Iranian Exclusive Economic Zone,IRN,Iran,NA,NA
8470,Iraq,IRQ,IRQ,Iraqi Exclusive Economic Zone,2125,200NM,2125,Iraq,IRQ,Iraq,NA,NA,NA,NA,NA,NA,NA,NA,NA,NA,48.58199,29.75582,8470,1342,IRQ,NA,NA,368,NA,NA,368,NA,NA,Iraqi Exclusive Economic Zone,IRQ,Iraq,NA,NA
5680,Iceland,ISL,ISL,Icelandic Exclusive Economic Zone,2129,200NM,2129,Iceland,ISL,Iceland,NA,NA,NA,NA,NA,NA,NA,NA,NA,NA,-18.44845,64.69826,5680,763239,ISL,NA,NA,352,NA,NA,352,NA,NA,Icelandic Exclusive Economic Zone,ISL,Iceland,NA,NA
8375,Israel,ISR,ISR,Israeli Exclusive Economic Zone,2123,200NM,2123,Israel,ISR,Israel,NA,NA,NA,NA,NA,NA,NA,NA,NA,NA,34.1022,32.6112,8375,25955,ISR,NA,NA,376,NA,NA,376,NA,NA,Israeli Exclusive Economic Zone,ISR,Israel,NA,NA
5682,Italy,ITA,ITA,Italian Exclusive Economic Zone,2133,200NM,2133,Italy,ITA,Italy,NA,NA,NA,NA,NA,NA,NA,NA,NA,NA,12.93234,39.65266,5682,536446,ITA,NA,NA,380,NA,NA,380,NA,NA,Italian Exclusive Economic Zone,ITA,Italy,NA,NA
8459,Jamaica,JAM,JAM,Jamaican Exclusive Economic Zone,8682,200NM,8682,Jamaica,JAM,Jamaica,NA,NA,NA,NA,NA,NA,NA,NA,NA,NA,-77.29089,16.66861,8459,256909,JAM,NA,NA,388,NA,NA,388,NA,NA,Jamaican Exclusive Economic Zone,JAM,Jamaica,NA,NA
21789,Jersey,JEY,JEY,British Exclusive Economic Zone (Jersey),4378,200NM,2208,Jersey,JEY,United Kingdom,NA,NA,NA,NA,NA,NA,NA,NA,NA,NA,-2.1933,49.12645,21789,2332,GBR,NA,NA,826,NA,NA,832,NA,NA,British Exclusive Economic Zone (Jersey),GBR,Jersey,NA,NA
8491,Jordan,JOR,JOR,Jordanian Exclusive Economic Zone,2120,200NM,2120,Jordan,JOR,Jordan,NA,NA,NA,NA,NA,NA,NA,NA,NA,NA,34.94683,29.43517,8491,97,JOR,NA,NA,400,NA,NA,400,NA,NA,Jordanian Exclusive Economic Zone,JOR,Jordan,NA,NA
8487,Japan,JPN,JPN,Japanese Exclusive Economic Zone,2121,200NM,2121,Japan,JPN,Japan,NA,NA,NA,NA,NA,NA,NA,NA,NA,NA,138.44863,29.55656,8487,4066513,JPN,NA,NA,392,NA,NA,392,NA,NA,Japanese Exclusive Economic Zone,JPN,Japan,NA,NA
26522,Kazakhstan,KAZ,KAZ,Kazakh Exclusive Economic Zone,2119,200NM,2119,Kazakhstan,KAZ,Kazakhstan,NA,NA,NA,NA,NA,NA,NA,NA,NA,NA,51.0144,44.47442,26522,114383,KAZ,NA,NA,398,NA,NA,398,NA,NA,Kazakh Exclusive Economic Zone,KAZ,Kazakhstan,NA,NA
8349,Kenya,KEN,KEN,Kenyan Exclusive Economic Zone,2118,200NM,2118,Kenya,KEN,Kenya,NA,NA,NA,NA,NA,NA,NA,NA,NA,NA,41.93765,-3.47464,8349,124028,KEN,NA,NA,404,NA,NA,404,NA,NA,Kenyan Exclusive Economic Zone,KEN,Kenya,NA,NA
8331,Cambodia,KHM,KHM,Cambodian Exclusive Economic Zone,2171,200NM,2171,Cambodia,KHM,Cambodia,NA,NA,NA,NA,NA,NA,NA,NA,NA,NA,102.54228,10.22543,8331,48697,KHM,NA,NA,116,NA,NA,116,NA,NA,Cambodian Exclusive Economic Zone,KHM,Cambodia,NA,NA
8450,Phoenix Group,KIR,KIR,Kiribati Exclusive Economic Zone (Phoenix Group),8658,200NM,2116,Phoenix Group,KIR,Kiribati,NA,NA,NA,NA,NA,NA,NA,NA,NA,NA,-172.45397,-3.73181,8450,745782,KIR,NA,NA,296,NA,NA,296,NA,NA,Kiribati Exclusive Economic Zone (Phoenix Group),KIR,Phoenix Group,NA,NA
8441,Line Group,KIR,KIR,Kiribati Exclusive Economic Zone (Line Group),8657,200NM,2116,Line Group,KIR,Kiribati,NA,NA,NA,NA,NA,NA,NA,NA,NA,NA,-154.72634,-3.82154,8441,1641193,KIR,NA,NA,296,NA,NA,296,NA,NA,Kiribati Exclusive Economic Zone (Line Group),KIR,Line Group,NA,NA
8488,Gilbert Islands,KIR,KIR,Kiribati Exclusive Economic Zone (Gilbert Islands),17597,200NM,2116,Gilbert Islands,KIR,Kiribati,NA,NA,NA,NA,NA,NA,NA,NA,NA,NA,172.78214,-0.25912,8488,1053245,KIR,NA,NA,296,NA,NA,296,NA,NA,Kiribati Exclusive Economic Zone (Gilbert Islands),KIR,Gilbert Islands,NA,NA
8413,Saint Kitts and Nevis,KNA,KNA,Kittitian and Nevisian Exclusive Economic Zone,8644,200NM,8644,Saint Kitts and Nevis,KNA,Saint Kitts and Nevis,NA,NA,NA,NA,NA,NA,NA,NA,NA,NA,-62.90578,16.99022,8413,9502,KNA,NA,NA,659,NA,NA,659,NA,NA,Kittitian and Nevisian Exclusive Economic Zone,KNA,Saint Kitts and Nevis,NA,NA
8327,South Korea,KOR,KOR,South Korean Exclusive Economic Zone,8600,200NM,8600,South Korea,KOR,South Korea,NA,NA,NA,NA,NA,NA,NA,NA,NA,NA,127.57712,35.74071,8327,347671,KOR,NA,NA,410,NA,NA,410,NA,NA,South Korean Exclusive Economic Zone,KOR,South Korea,NA,NA
8357,Kuwait,KWT,KWT,Kuwaiti Exclusive Economic Zone,2115,200NM,2115,Kuwait,KWT,Kuwait,NA,NA,NA,NA,NA,NA,NA,NA,NA,NA,48.61916,29.1748,8357,10775,KWT,NA,NA,414,NA,NA,414,NA,NA,Kuwaiti Exclusive Economic Zone,KWT,Kuwait,NA,NA
8374,Lebanon,LBN,LBN,Lebanese Exclusive Economic Zone,2098,200NM,2098,Lebanon,LBN,Lebanon,NA,NA,NA,NA,NA,NA,NA,NA,NA,NA,34.94186,33.95296,8374,18857,LBN,NA,NA,422,NA,NA,422,NA,NA,Lebanese Exclusive Economic Zone,LBN,Lebanon,NA,NA
8391,Liberia,LBR,LBR,Liberian Exclusive Economic Zone,2105,200NM,2105,Liberia,LBR,Liberia,NA,NA,NA,NA,NA,NA,NA,NA,NA,NA,-10.17763,3.8028,8391,251781,LBR,NA,NA,430,NA,NA,430,NA,NA,Liberian Exclusive Economic Zone,LBR,Liberia,NA,NA
8372,Libya,LBY,LBY,Libyan Exclusive Economic Zone,2194,200NM,2194,Libya,LBY,Libya,NA,NA,NA,NA,NA,NA,NA,NA,NA,NA,18.35677,33.15017,8372,357386,LBY,NA,NA,434,NA,NA,434,NA,NA,Libyan Exclusive Economic Zone,LBY,Libya,NA,NA
8416,Saint Lucia,LCA,LCA,Saint Lucian Exclusive Economic Zone,8647,200NM,8647,Saint Lucia,LCA,Saint Lucia,NA,NA,NA,NA,NA,NA,NA,NA,NA,NA,-61.10359,13.8777,8416,15413,LCA,NA,NA,662,NA,NA,662,NA,NA,Saint Lucian Exclusive Economic Zone,LCA,Saint Lucia,NA,NA
8346,Sri Lanka,LKA,LKA,Sri Lankan Exclusive Economic Zone,2195,200NM,2195,Sri Lanka,LKA,Sri Lanka,NA,NA,NA,NA,NA,NA,NA,NA,NA,NA,81.63607,6.54638,8346,533559,LKA,NA,NA,144,NA,NA,144,NA,NA,Sri Lankan Exclusive Economic Zone,LKA,Sri Lanka,NA,NA
5684,Lithuania,LTU,LTU,Lithuanian Exclusive Economic Zone,2156,200NM,2156,Lithuania,LTU,Lithuania,NA,NA,NA,NA,NA,NA,NA,NA,NA,NA,20.36307,55.75616,5684,6864,LTU,NA,NA,440,NA,NA,440,NA,NA,Lithuanian Exclusive Economic Zone,LTU,Lithuania,NA,NA
5683,Latvia,LVA,LVA,Latvian Exclusive Economic Zone,2132,200NM,2132,Latvia,LVA,Latvia,NA,NA,NA,NA,NA,NA,NA,NA,NA,NA,21.35288,57.10508,5683,28322,LVA,NA,NA,428,NA,NA,428,NA,NA,Latvian Exclusive Economic Zone,LVA,Latvia,NA,NA
8495,Collectivity of Saint Martin,MAF,MAF,French Exclusive Economic Zone (Collectivity of Saint Martin),8688,200NM,17,Collectivity of Saint Martin,MAF,France,NA,NA,NA,NA,NA,NA,NA,NA,NA,NA,-63.20282,18.03469,8495,1100,FRA,NA,NA,250,NA,NA,663,NA,NA,French Exclusive Economic Zone (Collectivity of Saint Martin),FRA,Collectivity of Saint Martin,NA,NA
8367,Morocco,MAR,MAR,Moroccan Exclusive Economic Zone,2221,200NM,2221,Morocco,MAR,Morocco,NA,NA,NA,NA,NA,NA,NA,NA,NA,NA,-9.85201,32.78135,8367,280452,MAR,NA,NA,504,NA,NA,504,NA,NA,Moroccan Exclusive Economic Zone,MAR,Morocco,NA,NA
21790,Monaco,MCO,MCO,Monégasque Exclusive Economic Zone,2222,200NM,2222,Monaco,MCO,Monaco,NA,NA,NA,NA,NA,NA,NA,NA,NA,NA,7.58768,43.34802,21790,288,MCO,NA,NA,492,NA,NA,492,NA,NA,Monégasque Exclusive Economic Zone,MCO,Monaco,NA,NA
8348,Madagascar,MDG,MDG,Madagascan Exclusive Economic Zone,7963,200NM,7963,Madagascar,MDG,Madagascar,NA,NA,NA,NA,NA,NA,NA,NA,NA,NA,47.25395,-20.91335,8348,1196285,MDG,NA,NA,450,NA,NA,450,NA,NA,Madagascan Exclusive Economic Zone,MDG,Madagascar,NA,NA
8345,Maldives,MDV,MDV,Maldivian Exclusive Economic Zone,2229,200NM,2229,Maldives,MDV,Maldives,NA,NA,NA,NA,NA,NA,NA,NA,NA,NA,73.08545,2.46352,8345,923833,MDV,NA,NA,462,NA,NA,462,NA,NA,Maldivian Exclusive Economic Zone,MDV,Maldives,NA,NA
8429,Mexico,MEX,MEX,Mexican Exclusive Economic Zone,2224,200NM,2224,Mexico,MEX,Mexico,NA,NA,NA,NA,NA,NA,NA,NA,NA,NA,-105.33346,21.35018,8429,3187013,MEX,NA,NA,484,NA,NA,484,NA,NA,Mexican Exclusive Economic Zone,MEX,Mexico,NA,NA
8318,Marshall Islands,MHL,MHL,Marshallese Exclusive Economic Zone,2226,200NM,2226,Marshall Islands,MHL,Marshall Islands,NA,NA,NA,NA,NA,NA,NA,NA,NA,NA,167.48547,10.15136,8318,2002220,MHL,NA,NA,584,NA,NA,584,NA,NA,Marshallese Exclusive Economic Zone,MHL,Marshall Islands,NA,NA
5685,Malta,MLT,MLT,Maltese Exclusive Economic Zone,2217,200NM,2217,Malta,MLT,Malta,NA,NA,NA,NA,NA,NA,NA,NA,NA,NA,15.11121,35.31355,5685,52923,MLT,NA,NA,470,NA,NA,470,NA,NA,Maltese Exclusive Economic Zone,MLT,Malta,NA,NA
8482,Myanmar,MMR,MMR,Myanma Exclusive Economic Zone,2219,200NM,2219,Myanmar,MMR,Myanmar,NA,NA,NA,NA,NA,NA,NA,NA,NA,NA,94.65552,14.99651,8482,497460,MMR,NA,NA,104,NA,NA,104,NA,NA,Myanma Exclusive Economic Zone,MMR,Myanmar,NA,NA
5691,Montenegro,MNE,MNE,Montenegrin Exclusive Economic Zone,17831,200NM,17831,Montenegro,MNE,Montenegro,NA,NA,NA,NA,NA,NA,NA,NA,NA,NA,18.68015,41.87023,5691,6383,MNE,NA,NA,499,NA,NA,499,NA,NA,Montenegrin Exclusive Economic Zone,MNE,Montenegro,NA,NA
48980,Northern Mariana Islands,MNP,MNP,United States Exclusive Economic Zone (Northern Mariana Islands),8598,200NM,2204,Northern Mariana Islands,MNP,United States,NA,NA,NA,NA,NA,NA,NA,NA,NA,NA,145.73933,18.2866,48980,763626,USA,NA,NA,840,NA,NA,580,NA,NA,United States Exclusive Economic Zone (Northern Mariana Islands),USA,Northern Mariana Islands,NA,NA
8347,Mozambique,MOZ,MOZ,Mozambican Exclusive Economic Zone,2220,200NM,2220,Mozambique,MOZ,Mozambique,NA,NA,NA,NA,NA,NA,NA,NA,NA,NA,37.9574,-20.37062,8347,566292,MOZ,NA,NA,508,NA,NA,508,NA,NA,Mozambican Exclusive Economic Zone,MOZ,Mozambique,NA,NA
8369,Mauritania,MRT,MRT,Mauritanian Exclusive Economic Zone,2236,200NM,2236,Mauritania,MRT,Mauritania,NA,NA,NA,NA,NA,NA,NA,NA,NA,NA,-17.91755,18.24852,8369,173180,MRT,NA,NA,478,NA,NA,478,NA,NA,Mauritanian Exclusive Economic Zone,MRT,Mauritania,NA,NA
8415,Montserrat,MSR,MSR,British Exclusive Economic Zone (Montserrat),8646,200NM,2208,Montserrat,MSR,United Kingdom,NA,NA,NA,NA,NA,NA,NA,NA,NA,NA,-62.48384,16.41292,8415,7188,GBR,NA,NA,826,NA,NA,500,NA,NA,British Exclusive Economic Zone (Montserrat),GBR,Montserrat,NA,NA
33178,Martinique,MTQ,MTQ,French Exclusive Economic Zone (Martinique),8655,200NM,17,Martinique,MTQ,France,NA,NA,NA,NA,NA,NA,NA,NA,NA,NA,-60.20055,14.97512,33178,47787,FRA,NA,NA,250,NA,NA,474,NA,NA,French Exclusive Economic Zone (Martinique),FRA,Martinique,NA,NA
8343,Republic of Mauritius,MUS,MUS,Mauritian Exclusive Economic Zone,8614,200NM,8614,Republic of Mauritius,MUS,Republic of Mauritius,NA,NA,NA,NA,NA,NA,NA,NA,NA,NA,60.1172,-16.81021,8343,1278182,MUS,NA,NA,480,NA,NA,480,NA,NA,Mauritian Exclusive Economic Zone,MUS,Republic of Mauritius,NA,NA
62589,Chagos Archipelago,MUS,MUS,Mauritian Exclusive Economic Zone (Chagos Archipelago),8616,200NM,8614,Chagos Archipelago,NA,Republic of Mauritius,NA,NA,NA,NA,NA,NA,NA,NA,NA,NA,71.99388,-6.55593,62589,647678,MUS,NA,NA,480,NA,NA,NA,NA,NA,Mauritian Exclusive Economic Zone (Chagos Archipelago),MUS,Chagos Archipelago,NA,NA
8483,Malaysia,MYS,MYS,Malaysian Exclusive Economic Zone,2230,200NM,2230,Malaysia,MYS,Malaysia,NA,NA,NA,NA,NA,NA,NA,NA,NA,NA,109.27469,5.16367,8483,517589,MYS,NA,NA,458,NA,NA,458,NA,NA,Malaysian Exclusive Economic Zone,MYS,Malaysia,NA,NA
8395,Namibia,NAM,NAM,Namibian Exclusive Economic Zone,2218,200NM,2218,Namibia,NAM,Namibia,NA,NA,NA,NA,NA,NA,NA,NA,NA,NA,12.28547,-23.64969,8395,562212,NAM,NA,NA,516,NA,NA,516,NA,NA,Namibian Exclusive Economic Zone,NAM,Namibia,NA,NA
8312,New Caledonia,NCL,NCL,French Exclusive Economic Zone (New Caledonia),2261,200NM,17,New Caledonia,NCL,France,NA,NA,NA,NA,NA,NA,NA,NA,NA,NA,163.20377,-21.01871,8312,1175971,FRA,NA,NA,250,NA,NA,540,NA,NA,French Exclusive Economic Zone (New Caledonia),FRA,New Caledonia,NA,NA
8310,Norfolk Island,NFK,NFK,Australian Exclusive Economic Zone (Norfolk Island),8591,200NM,2147,Norfolk Island,NFK,Australia,NA,NA,NA,NA,NA,NA,NA,NA,NA,NA,167.92898,-29.093139999999998,8310,430600,AUS,NA,NA,36,NA,NA,574,NA,NA,Australian Exclusive Economic Zone (Norfolk Island),AUS,Norfolk Island,NA,NA
8474,Nigeria,NGA,NGA,Nigerian Exclusive Economic Zone,2253,200NM,2253,Nigeria,NGA,Nigeria,NA,NA,NA,NA,NA,NA,NA,NA,NA,NA,4.82275,4.08512,8474,179048,NGA,NA,NA,566,NA,NA,566,NA,NA,Nigerian Exclusive Economic Zone,NGA,Nigeria,NA,NA
8425,Nicaragua,NIC,NIC,Nicaraguan Exclusive Economic Zone,2255,200NM,2255,Nicaragua,NIC,Nicaragua,NA,NA,NA,NA,NA,NA,NA,NA,NA,NA,-83.49562,12.81975,8425,213813,NIC,NA,NA,558,NA,NA,558,NA,NA,Nicaraguan Exclusive Economic Zone,NIC,Nicaragua,NA,NA
8447,Niue,NIU,NIU,New Zealand Exclusive Economic Zone (Niue),8673,200NM,2227,Niue,NIU,New Zealand,NA,NA,NA,NA,NA,NA,NA,NA,NA,NA,-169.33138,-19.52315,8447,318140,NZL,NA,NA,554,NA,NA,570,NA,NA,New Zealand Exclusive Economic Zone (Niue),NZL,Niue,NA,NA
5668,Netherlands,NLD,NLD,Dutch Exclusive Economic Zone,15,200NM,15,Netherlands,NLD,Netherlands,NA,NA,NA,NA,NA,NA,NA,NA,NA,NA,4.18649,53.61335,5668,64292,NLD,NA,NA,528,NA,NA,528,NA,NA,Dutch Exclusive Economic Zone,NLD,Netherlands,NA,NA
5686,Norway,NOR,NOR,Norwegian Exclusive Economic Zone,2252,200NM,2252,Norway,NOR,Norway,NA,NA,NA,NA,NA,NA,NA,NA,NA,NA,14.0013,68.17846,5686,931288,NOR,NA,NA,578,NA,NA,578,NA,NA,Norwegian Exclusive Economic Zone,NOR,Norway,NA,NA
8317,Nauru,NRU,NRU,Nauruan Exclusive Economic Zone,8596,200NM,8596,Nauru,NRU,Nauru,NA,NA,NA,NA,NA,NA,NA,NA,NA,NA,166.12396,-0.59113,8317,309261,NRU,NA,NA,520,NA,NA,520,NA,NA,Nauruan Exclusive Economic Zone,NRU,Nauru,NA,NA
8455,New Zealand,NZL,NZL,New Zealand Exclusive Economic Zone,2227,200NM,2227,New Zealand,NZL,New Zealand,NA,NA,NA,NA,NA,NA,NA,NA,NA,NA,71.72934,-42.76615,8455,4104551,NZL,NA,NA,554,NA,NA,554,NA,NA,New Zealand Exclusive Economic Zone,NZL,New Zealand,NA,NA
8354,Oman,OMN,OMN,Omani Exclusive Economic Zone,2251,200NM,2251,Oman,OMN,Oman,NA,NA,NA,NA,NA,NA,NA,NA,NA,NA,58.66998,18.94915,8354,556490,OMN,NA,NA,512,NA,NA,512,NA,NA,Omani Exclusive Economic Zone,OMN,Oman,NA,NA
8359,Pakistan,PAK,PAK,Pakistani Exclusive Economic Zone,2250,200NM,2250,Pakistan,PAK,Pakistan,NA,NA,NA,NA,NA,NA,NA,NA,NA,NA,64.71175,23.5395,8359,224361,PAK,NA,NA,586,NA,NA,586,NA,NA,Pakistani Exclusive Economic Zone,PAK,Pakistan,NA,NA
8423,Panama,PAN,PAN,Panamanian Exclusive Economic Zone,2249,200NM,2249,Panama,PAN,Panama,NA,NA,NA,NA,NA,NA,NA,NA,NA,NA,-80.34583,8.2888,8423,331318,PAN,NA,NA,591,NA,NA,591,NA,NA,Panamanian Exclusive Economic Zone,PAN,Panama,NA,NA
8439,Pitcairn,PCN,PCN,British Exclusive Economic Zone (Pitcairn),2259,200NM,2208,Pitcairn,PCN,United Kingdom,NA,NA,NA,NA,NA,NA,NA,NA,NA,NA,-127.42131,-24.60623,8439,842291,GBR,NA,NA,826,NA,NA,612,NA,NA,British Exclusive Economic Zone (Pitcairn),GBR,Pitcairn,NA,NA
8432,Peru,PER,PER,Peruvian Exclusive Economic Zone,2257,200NM,2257,Peru,PER,Peru,NA,NA,NA,NA,NA,NA,NA,NA,NA,NA,-78.88478,-11.8994,8432,854698,PER,NA,NA,604,NA,NA,604,NA,NA,Peruvian Exclusive Economic Zone,PER,Peru,NA,NA
8322,Philippines,PHL,PHL,Philippine Exclusive Economic Zone,2245,200NM,2245,Philippines,PHL,Philippines,NA,NA,NA,NA,NA,NA,NA,NA,NA,NA,122.16379,12.26791,8322,1964764,PHL,NA,NA,608,NA,NA,608,NA,NA,Philippine Exclusive Economic Zone,PHL,Philippines,NA,NA
8315,Palau,PLW,PLW,Palauan Exclusive Economic Zone,8594,200NM,8594,Palau,PLW,Palau,NA,NA,NA,NA,NA,NA,NA,NA,NA,NA,133.0695,6.44393,8315,616431,PLW,NA,NA,585,NA,NA,585,NA,NA,Palauan Exclusive Economic Zone,PLW,Palau,NA,NA
8324,Papua New Guinea,PNG,PNG,Papua New Guinean Exclusive Economic Zone,2237,200NM,2237,Papua New Guinea,PNG,Papua New Guinea,NA,NA,NA,NA,NA,NA,NA,NA,NA,NA,150.71973,-5.45663,8324,2399617,PNG,NA,NA,598,NA,NA,598,NA,NA,Papua New Guinean Exclusive Economic Zone,PNG,Papua New Guinea,NA,NA
5687,Poland,POL,POL,Polish Exclusive Economic Zone,2244,200NM,2244,Poland,POL,Poland,NA,NA,NA,NA,NA,NA,NA,NA,NA,NA,17.26042,54.9123,5687,30666,POL,NA,NA,616,NA,NA,616,NA,NA,Polish Exclusive Economic Zone,POL,Poland,NA,NA
33179,Puerto Rico,PRI,PRI,United States Exclusive Economic Zone (Puerto Rico),8641,200NM,2204,Puerto Rico,PRI,United States,NA,NA,NA,NA,NA,NA,NA,NA,NA,NA,-66.78687,17.79821,33179,154661,USA,NA,NA,840,NA,NA,630,NA,NA,United States Exclusive Economic Zone (Puerto Rico),USA,Puerto Rico,NA,NA
8328,North Korea,PRK,PRK,North Korean Exclusive Economic Zone,8601,200NM,8601,North Korea,PRK,North Korea,NA,NA,NA,NA,NA,NA,NA,NA,NA,NA,128.99535,39.82785,8328,114379,PRK,NA,NA,408,NA,NA,408,NA,NA,North Korean Exclusive Economic Zone,PRK,North Korea,NA,NA
8361,Azores,PRT,PRT,Portuguese Exclusive Economic Zone (Azores),2454,200NM,2243,Azores,NA,Portugal,NA,NA,NA,NA,NA,NA,NA,NA,NA,NA,-27.97601,38.47538,8361,960421,PRT,NA,NA,620,NA,NA,NA,NA,NA,Portuguese Exclusive Economic Zone (Azores),PRT,Azores,NA,NA
8363,Madeira,PRT,PRT,Portuguese Exclusive Economic Zone (Madeira),4956,200NM,2243,Madeira,NA,Portugal,NA,NA,NA,NA,NA,NA,NA,NA,NA,NA,-16.81091,33.17302,8363,452796,PRT,NA,NA,620,NA,NA,NA,NA,NA,Portuguese Exclusive Economic Zone (Madeira),PRT,Madeira,NA,NA
5688,Portugal,PRT,PRT,Portuguese Exclusive Economic Zone,2243,200NM,2243,Portugal,PRT,Portugal,NA,NA,NA,NA,NA,NA,NA,NA,NA,NA,-10.92284,38.31921,5688,315501,PRT,NA,NA,620,NA,NA,620,NA,NA,Portuguese Exclusive Economic Zone,PRT,Portugal,NA,NA
48953,Palestine,PSE,PSE,Palestinian Exclusive Economic Zone,15525,200NM,15525,Palestine,PSE,Palestine,2123,2123,Israel,ISR,Israel,NA,NA,NA,NA,NA,34.23444,31.56915,48953,1120,PSE,ISR,NA,275,376,NA,275,376,NA,Palestinian Exclusive Economic Zone,PSE,Palestine,ISR,NA
8440,French Polynesia,PYF,PYF,French Exclusive Economic Zone (French Polynesia),8656,200NM,17,French Polynesia,PYF,France,NA,NA,NA,NA,NA,NA,NA,NA,NA,NA,-144.00327,-18.73634,8440,4766689,FRA,NA,NA,250,NA,NA,258,NA,NA,French Exclusive Economic Zone (French Polynesia),FRA,French Polynesia,NA,NA
8468,Qatar,QAT,QAT,Qatari Exclusive Economic Zone,2242,200NM,2242,Qatar,QAT,Qatar,NA,NA,NA,NA,NA,NA,NA,NA,NA,NA,51.88076,25.86236,8468,31363,QAT,NA,NA,634,NA,NA,634,NA,NA,Qatari Exclusive Economic Zone,QAT,Qatar,NA,NA
8338,Réunion,REU,REU,French Exclusive Economic Zone (Réunion),8609,200NM,17,Réunion,REU,France,NA,NA,NA,NA,NA,NA,NA,NA,NA,NA,54.71328,-21.78197,8338,315151,FRA,NA,NA,250,NA,NA,638,NA,NA,French Exclusive Economic Zone (Réunion),FRA,Réunion,NA,NA
5689,Romania,ROU,ROU,Romanian Exclusive Economic Zone,2241,200NM,2241,Romania,ROU,Romania,NA,NA,NA,NA,NA,NA,NA,NA,NA,NA,30.0785,44.24109,5689,29606,ROU,NA,NA,642,NA,NA,642,NA,NA,Romanian Exclusive Economic Zone,ROU,Romania,NA,NA
5690,Russia,RUS,RUS,Russian Exclusive Economic Zone,2240,200NM,2240,Russia,RUS,Russia,NA,NA,NA,NA,NA,NA,NA,NA,NA,NA,93.47078,71.32185,5690,7730566,RUS,NA,NA,643,NA,NA,643,NA,NA,Russian Exclusive Economic Zone,RUS,Russia,NA,NA
8356,Saudi Arabia,SAU,SAU,Saudi Arabian Exclusive Economic Zone,2215,200NM,2215,Saudi Arabia,SAU,Saudi Arabia,NA,NA,NA,NA,NA,NA,NA,NA,NA,NA,40.48313,22.45276,8356,224157,SAU,NA,NA,682,NA,NA,682,NA,NA,Saudi Arabian Exclusive Economic Zone,SAU,Saudi Arabia,NA,NA
8355,Sudan,SDN,SDN,Sudanese Exclusive Economic Zone,2183,200NM,2183,Sudan,SDN,Sudan,NA,NA,NA,NA,NA,NA,NA,NA,NA,NA,38.14367,19.74792,8355,62826,SDN,NA,NA,729,NA,NA,NA,NA,NA,Sudanese Exclusive Economic Zone,SDN,Sudan,NA,NA
8371,Senegal,SEN,SEN,Senegalese Exclusive Economic Zone,2225,200NM,2225,Senegal,SEN,Senegal,NA,NA,NA,NA,NA,NA,NA,NA,NA,NA,-18.50357,13.69463,8371,158358,SEN,NA,NA,686,NA,NA,686,NA,NA,Senegalese Exclusive Economic Zone,SEN,Senegal,NA,NA
8485,Singapore,SGP,SGP,Singaporean Exclusive Economic Zone,2190,200NM,2190,Singapore,SGP,Singapore,NA,NA,NA,NA,NA,NA,NA,NA,NA,NA,103.82677,1.27144,8485,675,SGP,NA,NA,702,NA,NA,702,NA,NA,Singaporean Exclusive Economic Zone,SGP,Singapore,NA,NA
8379,Ascension,SHN,SHN,British Exclusive Economic Zone (Ascension),8620,200NM,2208,Ascension,SHN,United Kingdom,NA,NA,NA,NA,NA,NA,NA,NA,NA,NA,-14.36337,-7.94747,8379,446005,GBR,NA,NA,826,NA,NA,654,NA,NA,British Exclusive Economic Zone (Ascension),GBR,Ascension,NA,NA
8380,Saint Helena,SHN,SHN,British Exclusive Economic Zone (Saint Helena),8619,200NM,2208,Saint Helena,SHN,United Kingdom,NA,NA,NA,NA,NA,NA,NA,NA,NA,NA,-5.70869,-15.97278,8380,449215,GBR,NA,NA,826,NA,NA,654,NA,NA,British Exclusive Economic Zone (Saint Helena),GBR,Saint Helena,NA,NA
8382,Tristan da Cunha,SHN,SHN,British Exclusive Economic Zone (Tristan da Cunha),8621,200NM,2208,Tristan da Cunha,SHN,United Kingdom,NA,NA,NA,NA,NA,NA,NA,NA,NA,NA,-11.20987,-38.7619,8382,758168,GBR,NA,NA,826,NA,NA,654,NA,NA,British Exclusive Economic Zone (Tristan da Cunha),GBR,Tristan da Cunha,NA,NA
33181,Svalbard,SJM,SJM,Norwegian Exclusive Economic Zone (Svalbard),5334,200NM,2252,Svalbard,SJM,Norway,NA,NA,NA,NA,NA,NA,NA,NA,NA,NA,18.30277,78.7136,33181,796819,NOR,NA,NA,578,NA,NA,744,NA,NA,Norwegian Exclusive Economic Zone (Svalbard),NOR,Svalbard,NA,NA
8437,Jan Mayen,SJM,SJM,Norwegian Exclusive Economic Zone (Jan Mayen),5343,200NM,2252,Jan Mayen,SJM,Norway,NA,NA,NA,NA,NA,NA,NA,NA,NA,NA,-5.25129,71.11421,8437,292907,NOR,NA,NA,578,NA,NA,744,NA,NA,Norwegian Exclusive Economic Zone (Jan Mayen),NOR,Jan Mayen,NA,NA
8314,Solomon Islands,SLB,SLB,Solomon Islands Exclusive Economic Zone,8593,200NM,8593,Solomon Islands,SLB,Solomon Islands,NA,NA,NA,NA,NA,NA,NA,NA,NA,NA,163.68539,-10.04465,8314,1602781,SLB,NA,NA,90,NA,NA,90,NA,NA,Solomon Islands Exclusive Economic Zone,SLB,Solomon Islands,NA,NA
8390,Sierra Leone,SLE,SLE,Sierra Leonean Exclusive Economic Zone,2191,200NM,2191,Sierra Leone,SLE,Sierra Leone,NA,NA,NA,NA,NA,NA,NA,NA,NA,NA,-14.14468,6.63541,8390,160584,SLE,NA,NA,694,NA,NA,694,NA,NA,Sierra Leonean Exclusive Economic Zone,SLE,Sierra Leone,NA,NA
8428,El Salvador,SLV,SLV,Salvadoran Exclusive Economic Zone,2135,200NM,2135,El Salvador,SLV,El Salvador,NA,NA,NA,NA,NA,NA,NA,NA,NA,NA,-89.74411,11.84859,8428,95099,SLV,NA,NA,222,NA,NA,222,NA,NA,Salvadoran Exclusive Economic Zone,SLV,El Salvador,NA,NA
8350,Federal Republic of Somalia,SOM,SOM,Somali Exclusive Economic Zone,2187,200NM,2187,Federal Republic of Somalia,SOM,Federal Republic of Somalia,NA,NA,NA,NA,NA,NA,NA,NA,NA,NA,48.49205,5.02226,8350,821444,SOM,NA,NA,706,NA,NA,706,NA,NA,Somali Exclusive Economic Zone,SOM,Federal Republic of Somalia,NA,NA
8494,Saint-Pierre and Miquelon,SPM,SPM,French Exclusive Economic Zone (Saint-Pierre and Miquelon),8686,200NM,17,Saint-Pierre and Miquelon,SPM,France,NA,NA,NA,NA,NA,NA,NA,NA,NA,NA,-56.38701,45.85719,8494,12414,FRA,NA,NA,250,NA,NA,666,NA,NA,French Exclusive Economic Zone (Saint-Pierre and Miquelon),FRA,Saint-Pierre and Miquelon,NA,NA
8397,Sao Tome and Principe,STP,STP,São Toméan Exclusive Economic Zone,2238,200NM,2238,Sao Tome and Principe,STP,Sao Tome and Principe,NA,NA,NA,NA,NA,NA,NA,NA,NA,NA,6.35335,0.7791,8397,130844,STP,NA,NA,678,NA,NA,678,NA,NA,São Toméan Exclusive Economic Zone,STP,Sao Tome and Principe,NA,NA
8461,Suriname,SUR,SUR,Surinamese Exclusive Economic Zone,2182,200NM,2182,Suriname,SUR,Suriname,NA,NA,NA,NA,NA,NA,NA,NA,NA,NA,-54.76698,7.59776,8461,133668,SUR,NA,NA,740,NA,NA,740,NA,NA,Surinamese Exclusive Economic Zone,SUR,Suriname,NA,NA
5692,Slovenia,SVN,SVN,Slovenian Exclusive Economic Zone,2188,200NM,2188,Slovenia,SVN,Slovenia,NA,NA,NA,NA,NA,NA,NA,NA,NA,NA,13.57896,45.56287,5692,214,SVN,NA,NA,705,NA,NA,705,NA,NA,Slovenian Exclusive Economic Zone,SVN,Slovenia,NA,NA
5694,Sweden,SWE,SWE,Swedish Exclusive Economic Zone,2180,200NM,2180,Sweden,SWE,Sweden,NA,NA,NA,NA,NA,NA,NA,NA,NA,NA,18.11402,59.4846,5694,155386,SWE,NA,NA,752,NA,NA,752,NA,NA,Swedish Exclusive Economic Zone,SWE,Sweden,NA,NA
21803,Sint-Maarten,SXM,SXM,Dutch Exclusive Economic Zone (Sint-Maarten),21802,200NM,15,Sint-Maarten,SXM,Netherlands,NA,NA,NA,NA,NA,NA,NA,NA,NA,NA,-63.12285,17.93813,21803,466,NLD,NA,NA,528,NA,NA,534,NA,NA,Dutch Exclusive Economic Zone (Sint-Maarten),NLD,Sint-Maarten,NA,NA
8337,Seychelles,SYC,SYC,Seychellois Exclusive Economic Zone,2192,200NM,2192,Seychelles,SYC,Seychelles,NA,NA,NA,NA,NA,NA,NA,NA,NA,NA,52.46872,-6.54778,8337,1341524,SYC,NA,NA,690,NA,NA,690,NA,NA,Seychellois Exclusive Economic Zone,SYC,Seychelles,NA,NA
8373,Syria,SYR,SYR,Syrian Exclusive Economic Zone,3384,200NM,3384,Syria,SYR,Syria,NA,NA,NA,NA,NA,NA,NA,NA,NA,NA,35.49624,35.32871,8373,10269,SYR,NA,NA,760,NA,NA,760,NA,NA,Syrian Exclusive Economic Zone,SYR,Syria,NA,NA
8405,Turks and Caicos Islands,TCA,TCA,British Exclusive Economic Zone (Turks and Caicos Islands),2211,200NM,2208,Turks and Caicos Islands,TCA,United Kingdom,NA,NA,NA,NA,NA,NA,NA,NA,NA,NA,-70.85361,22.80987,8405,91025,GBR,NA,NA,826,NA,NA,796,NA,NA,British Exclusive Economic Zone (Turks and Caicos Islands),GBR,Turks and Caicos Islands,NA,NA
8392,Togo,TGO,TGO,Togolese Exclusive Economic Zone,8632,200NM,8632,Togo,TGO,Togo,NA,NA,NA,NA,NA,NA,NA,NA,NA,NA,1.82135,4.63949,8392,15447,TGO,NA,NA,768,NA,NA,768,NA,NA,Togolese Exclusive Economic Zone,TGO,Togo,NA,NA
8332,Thailand,THA,THA,Thailand Exclusive Economic Zone,2207,200NM,2207,Thailand,THA,Thailand,NA,NA,NA,NA,NA,NA,NA,NA,NA,NA,99.62852,9.16729,8332,298561,THA,NA,NA,764,NA,NA,764,NA,NA,Thailand Exclusive Economic Zone,THA,Thailand,NA,NA
8449,Tokelau,TKL,TKL,New Zealand Exclusive Economic Zone (Tokelau),8675,200NM,2227,Tokelau,TKL,New Zealand,NA,NA,NA,NA,NA,NA,NA,NA,NA,NA,-172.08495,-8.63257,8449,320548,NZL,NA,NA,554,NA,NA,772,NA,NA,New Zealand Exclusive Economic Zone (Tokelau),NZL,Tokelau,NA,NA
26523,Turkmenistan,TKM,TKM,Turkmen Exclusive Economic Zone,2212,200NM,2212,Turkmenistan,TKM,Turkmenistan,NA,NA,NA,NA,NA,NA,NA,NA,NA,NA,52.63853,39.29232,26523,61226,TKM,NA,NA,795,NA,NA,795,NA,NA,Turkmen Exclusive Economic Zone,TKM,Turkmenistan,NA,NA
21791,Oecusse,TLS,TLS,Timorese Exclusive Economic Zone (Oecusse),26234,200NM,8757,Oecusse,NA,East Timor,NA,NA,NA,NA,NA,NA,NA,NA,NA,NA,124.27075,-9.04989,21791,1826,TLS,NA,NA,626,NA,NA,NA,NA,NA,Timorese Exclusive Economic Zone (Oecusse),TLS,Oecusse,NA,NA
8758,East Timor,TLS,TLS,Timorese Exclusive Economic Zone,8757,200NM,8757,East Timor,TLS,East Timor,NA,NA,NA,NA,NA,NA,NA,NA,NA,NA,126.8541,-9.78156,8758,75647,TLS,NA,NA,626,NA,NA,626,NA,NA,Timorese Exclusive Economic Zone,TLS,East Timor,NA,NA
8448,Tonga,TON,TON,Tongan Exclusive Economic Zone,8674,200NM,8674,Tonga,TON,Tonga,NA,NA,NA,NA,NA,NA,NA,NA,NA,NA,-174.76586,-20.22175,8448,666052,TON,NA,NA,776,NA,NA,776,NA,NA,Tongan Exclusive Economic Zone,TON,Tonga,NA,NA
8420,Trinidad and Tobago,TTO,TTO,Trinidadian and Tobagonian Exclusive Economic Zone,2186,200NM,2186,Trinidad and Tobago,TTO,Trinidad and Tobago,NA,NA,NA,NA,NA,NA,NA,NA,NA,NA,-59.98478,10.95788,8420,76562,TTO,NA,NA,780,NA,NA,780,NA,NA,Trinidadian and Tobagonian Exclusive Economic Zone,TTO,Trinidad and Tobago,NA,NA
8366,Tunisia,TUN,TUN,Tunisian Exclusive Economic Zone,2214,200NM,2214,Tunisia,TUN,Tunisia,NA,NA,NA,NA,NA,NA,NA,NA,NA,NA,11.05319,36.00133,8366,99701,TUN,NA,NA,788,NA,NA,788,NA,NA,Tunisian Exclusive Economic Zone,TUN,Tunisia,NA,NA
5697,Turkey,TUR,TUR,Turkish Exclusive Economic Zone,2213,200NM,2213,Turkey,TUR,Turkey,NA,NA,NA,NA,NA,NA,NA,NA,NA,NA,33.2206,40.52224,5697,262233,TUR,NA,NA,792,NA,NA,792,NA,NA,Turkish Exclusive Economic Zone,TUR,Turkey,NA,NA
8326,Tuvalu,TUV,TUV,Tuvaluan Exclusive Economic Zone,2210,200NM,2210,Tuvalu,TUV,Tuvalu,NA,NA,NA,NA,NA,NA,NA,NA,NA,NA,74.28785,-7.81254,8326,753133,TUV,NA,NA,798,NA,NA,798,NA,NA,Tuvaluan Exclusive Economic Zone,TUV,Tuvalu,NA,NA
8479,Tanzania,TZA,TZA,Tanzanian Exclusive Economic Zone,2205,200NM,2205,Tanzania,TZA,Tanzania,NA,NA,NA,NA,NA,NA,NA,NA,NA,NA,41.1686,-7.21087,8479,241567,TZA,NA,NA,834,NA,NA,834,NA,NA,Tanzanian Exclusive Economic Zone,TZA,Tanzania,NA,NA
8443,Palmyra Atoll,UMI,UMI,United States Exclusive Economic Zone (Palmyra Atoll),8669,200NM,2204,Palmyra Atoll,UMI,United States,NA,NA,NA,NA,NA,NA,NA,NA,NA,NA,-162.89881,6.68794,8443,353670,USA,NA,NA,840,NA,NA,581,NA,NA,United States Exclusive Economic Zone (Palmyra Atoll),USA,Palmyra Atoll,NA,NA
8452,Johnston Atoll,UMI,UMI,United States Exclusive Economic Zone (Johnston Atoll),8678,200NM,2204,Johnston Atoll,UMI,United States,NA,NA,NA,NA,NA,NA,NA,NA,NA,NA,-169.50612,16.75109,8452,442443,USA,NA,NA,840,NA,NA,581,NA,NA,United States Exclusive Economic Zone (Johnston Atoll),USA,Johnston Atoll,NA,NA
8442,Jarvis Island,UMI,UMI,United States Exclusive Economic Zone (Jarvis Islands),8668,200NM,2204,Jarvis Island,UMI,United States,NA,NA,NA,NA,NA,NA,NA,NA,NA,NA,-160.46839,-0.914,8442,323186,USA,NA,NA,840,NA,NA,581,NA,NA,United States Exclusive Economic Zone (Jarvis Islands),USA,Jarvis Island,NA,NA
8451,Howland and Baker Islands,UMI,UMI,United States Exclusive Economic Zone (Howland and Baker Islands),48684,200NM,2204,Howland and Baker Islands,UMI,United States,NA,NA,NA,NA,NA,NA,NA,NA,NA,NA,-176.72727,0.7913,8451,434894,USA,NA,NA,840,NA,NA,581,NA,NA,United States Exclusive Economic Zone (Howland and Baker Islands),USA,Howland and Baker Islands,NA,NA
8467,Uruguay,URY,URY,Uruguayan Exclusive Economic Zone,2216,200NM,2216,Uruguay,URY,Uruguay,NA,NA,NA,NA,NA,NA,NA,NA,NA,NA,-53.32143,-35.78927,8467,143092,URY,NA,NA,858,NA,NA,858,NA,NA,Uruguayan Exclusive Economic Zone,URY,Uruguay,NA,NA
8453,Hawaii,USA,USA,United States Exclusive Economic Zone (Hawaii),8679,200NM,2204,Hawaii,NA,United States,NA,NA,NA,NA,NA,NA,NA,NA,NA,NA,-151.05753,24.04099,8453,2474715,USA,NA,NA,840,NA,NA,NA,NA,NA,United States Exclusive Economic Zone (Hawaii),USA,Hawaii,NA,NA
8463,Alaska,USA,USA,United States Exclusive Economic Zone (Alaska),8684,200NM,2204,Alaska,NA,United States,NA,NA,NA,NA,NA,NA,NA,NA,NA,NA,-119.9766,59.0117,8463,3682912,USA,NA,NA,840,NA,NA,NA,NA,NA,United States Exclusive Economic Zone (Alaska),USA,Alaska,NA,NA
8456,United States,USA,USA,United States Exclusive Economic Zone,2204,200NM,2204,United States,USA,United States,NA,NA,NA,NA,NA,NA,NA,NA,NA,NA,-95.82133,34.76211,8456,2450909,USA,NA,NA,840,NA,NA,840,NA,NA,United States Exclusive Economic Zone,USA,United States,NA,NA
8421,Saint Vincent and the Grenadines,VCT,VCT,Saint Vincentian Exclusive Economic Zone,8651,200NM,8651,Saint Vincent and the Grenadines,VCT,Saint Vincent and the Grenadines,NA,NA,NA,NA,NA,NA,NA,NA,NA,NA,-61.69442,13.15805,8421,36244,VCT,NA,NA,670,NA,NA,670,NA,NA,Saint Vincentian Exclusive Economic Zone,VCT,Saint Vincent and the Grenadines,NA,NA
8433,Venezuela,VEN,VEN,Venezuelan Exclusive Economic Zone,2201,200NM,2201,Venezuela,VEN,Venezuela,NA,NA,NA,NA,NA,NA,NA,NA,NA,NA,-65.91423,12.78887,8433,472546,VEN,NA,NA,862,NA,NA,862,NA,NA,Venezuelan Exclusive Economic Zone,VEN,Venezuela,NA,NA
8411,British Virgin Islands,VGB,VGB,British Exclusive Economic Zone (British Virgin Islands),8653,200NM,2208,British Virgin Islands,VGB,United Kingdom,NA,NA,NA,NA,NA,NA,NA,NA,NA,NA,-64.50497,20.38988,8411,81555,GBR,NA,NA,826,NA,NA,92,NA,NA,British Exclusive Economic Zone (British Virgin Islands),GBR,British Virgin Islands,NA,NA
33180,United States Virgin Islands,VIR,VIR,United States Exclusive Economic Zone (United States Virgin Islands),8642,200NM,2204,United States Virgin Islands,VIR,United States,NA,NA,NA,NA,NA,NA,NA,NA,NA,NA,-64.92435,17.25496,33180,38275,USA,NA,NA,840,NA,NA,850,NA,NA,United States Exclusive Economic Zone (United States Virgin Islands),USA,United States Virgin Islands,NA,NA
8484,Vietnam,VNM,VNM,Vietnamese Exclusive Economic Zone,2200,200NM,2200,Vietnam,VNM,Vietnam,NA,NA,NA,NA,NA,NA,NA,NA,NA,NA,108.75025,11.60379,8484,752197,VNM,NA,NA,704,NA,NA,704,NA,NA,Vietnamese Exclusive Economic Zone,VNM,Vietnam,NA,NA
8313,Vanuatu,VUT,VUT,Vanuatuan Exclusive Economic Zone,2202,200NM,2202,Vanuatu,VUT,Vanuatu,NA,NA,NA,NA,NA,NA,NA,NA,NA,NA,168.55743,-16.58523,8313,625850,VUT,NA,NA,548,NA,NA,548,NA,NA,Vanuatuan Exclusive Economic Zone,VUT,Vanuatu,NA,NA
8454,Wallis and Futuna,WLF,WLF,French Exclusive Economic Zone (Wallis and Futuna),8680,200NM,17,Wallis and Futuna,WLF,France,NA,NA,NA,NA,NA,NA,NA,NA,NA,NA,-176.81123,-12.75492,8454,250614,FRA,NA,NA,250,NA,NA,876,NA,NA,French Exclusive Economic Zone (Wallis and Futuna),FRA,Wallis and Futuna,NA,NA
8445,Samoa,WSM,WSM,Samoan Exclusive Economic Zone,8671,200NM,8671,Samoa,WSM,Samoa,NA,NA,NA,NA,NA,NA,NA,NA,NA,NA,-172.75372,-13.29687,8445,130480,WSM,NA,NA,882,NA,NA,882,NA,NA,Samoan Exclusive Economic Zone,WSM,Samoa,NA,NA
8353,Yemen,YEM,YEM,Yemeni Exclusive Economic Zone,2199,200NM,2199,Yemen,YEM,Yemen,NA,NA,NA,NA,NA,NA,NA,NA,NA,NA,52.06161,12.88906,8353,527384,YEM,NA,NA,887,NA,NA,887,NA,NA,Yemeni Exclusive Economic Zone,YEM,Yemen,NA,NA
8396,South Africa,ZAF,ZAF,South African Exclusive Economic Zone,2176,200NM,2176,South Africa,ZAF,South Africa,NA,NA,NA,NA,NA,NA,NA,NA,NA,NA,24.44331,-33.50802,8396,1072679,ZAF,NA,NA,710,NA,NA,710,NA,NA,South African Exclusive Economic Zone,ZAF,South Africa,NA,NA
8384,Prince Edward Islands,ZAF,ZAF,South African Exclusive Economic Zone (Prince Edward Islands),22598,200NM,2176,Prince Edward Islands,NA,South Africa,NA,NA,NA,NA,NA,NA,NA,NA,NA,NA,37.80854,-46.83292,8384,474897,ZAF,NA,NA,710,NA,NA,NA,NA,NA,South African Exclusive Economic Zone (Prince Edward Islands),ZAF,Prince Edward Islands,NA,NA
48961,Joint regime area: Uruguay / Argentina,NA,URY,Joint regime area: Uruguay / Argentina,2216,Joint regime,2216,Uruguay,URY,Uruguay,2149,2149,Argentina,ARG,Argentina,NA,NA,NA,NA,NA,-55.16096,-36.25493,48961,41414,URY,ARG,NA,858,32,NA,858,32,NA,Joint regime area: Uruguay / Argentina,URY,Uruguay,ARG,NA
48962,Joint regime area: Peru / Ecuador,NA,PER,Joint regime area: Peru / Ecuador,2257,Joint regime,2257,Peru,PER,Peru,2166,2166,Ecuador,ECU,Ecuador,NA,NA,NA,NA,NA,-82.53293,-3.38855,48962,16091,PER,ECU,NA,604,218,NA,604,218,NA,Joint regime area: Peru / Ecuador,PER,Peru,ECU,NA
21798,Joint regime area Torres Strait Treaty: Papua New Guinea / Australia,NA,PNG,Joint regime area Torres Strait Treaty: Papua New Guinea / Australia,2237,Joint regime,2237,Papua New Guinea,PNG,Papua New Guinea,2147,2147,Australia,AUS,Australia,NA,NA,NA,NA,NA,142.40882,-9.53965,21798,2621,PNG,AUS,NA,598,36,NA,598,36,NA,Joint regime area Torres Strait Treaty: Papua New Guinea / Australia,PNG,Papua New Guinea,AUS,NA
48964,Joint regime area: Senegal / Guinea-Bissau,NA,SEN,Joint regime area: Senegal / Guinea-Bissau,2225,Joint regime,2225,Senegal,SEN,Senegal,8685,8685,Guinea-Bissau,GNB,Guinea-Bissau,NA,NA,NA,NA,NA,-18.77443,11.261,48964,63460,SEN,GNB,NA,686,624,NA,686,624,NA,Joint regime area: Senegal / Guinea-Bissau,SEN,Senegal,GNB,NA
48966,Joint regime area: Spain / France,NA,FRA,Joint regime area: Spain / France,17,Joint regime,17,France,FRA,France,2185,2185,Spain,ESP,Spain,NA,NA,NA,NA,NA,-5.33333,45.25417,48966,2859,FRA,ESP,NA,250,724,NA,250,724,NA,Joint regime area: Spain / France,FRA,France,ESP,NA
48967,Joint regime area: United Kingdom / Denmark (Faeroe Islands),NA,GBR,Joint regime area: United Kingdom / Denmark (Faeroe Islands),2208,Joint regime,2208,United Kingdom,GBR,United Kingdom,3297,2157,Faeroe,FRO,Denmark,NA,NA,NA,NA,NA,-7.51858,60.03609,48967,8011,GBR,DNK,NA,826,208,NA,826,234,NA,Joint regime area: United Kingdom / Denmark (Faeroe Islands),GBR,United Kingdom,DNK,NA
48968,Joint regime area: Costa Rica / Ecuador (Galapagos),NA,CRI,Joint regime area: Costa Rica / Ecuador (Galapagos),2162,Joint regime,2162,Costa Rica,CRI,Costa Rica,5660,2166,Galapagos,NA,Ecuador,NA,NA,NA,NA,NA,-88.84132,3.22641,48968,17337,CRI,ECU,NA,188,218,NA,188,NA,NA,Joint regime area: Costa Rica / Ecuador (Galapagos),CRI,Costa Rica,ECU,NA
48969,Joint regime area: Barbados / Guyana,NA,BRB,Joint regime area: Barbados / Guyana,8649,Joint regime,8649,Barbados,BRB,Barbados,2124,2124,Guyana,GUY,Guyana,NA,NA,NA,NA,NA,-57.13214,10.68079,48969,67,BRB,GUY,NA,52,328,NA,52,328,NA,Joint regime area: Barbados / Guyana,BRB,Barbados,GUY,NA
48970,Joint regime area: Dominican Republic / Colombia,NA,DOM,Joint regime area: Dominican Republic / Colombia,8640,Joint regime,8640,Dominican Republic,DOM,Dominican Republic,2175,2175,Colombia,COL,Colombia,NA,NA,NA,NA,NA,-72.50386,15.01851,48970,13111,DOM,COL,NA,214,170,NA,214,170,NA,Joint regime area: Dominican Republic / Colombia,DOM,Dominican Republic,COL,NA
21792,Joint regime area: Jamaica / Colombia,NA,JAM,Joint regime area: Jamaica / Colombia,8682,Joint regime,8682,Jamaica,JAM,Jamaica,2175,2175,Colombia,COL,Colombia,NA,NA,NA,NA,NA,-79.14572,15.47035,21792,15247,JAM,COL,NA,388,170,NA,388,170,NA,Joint regime area: Jamaica / Colombia,JAM,Jamaica,COL,NA
48972,Joint regime area: Honduras / United Kingdom (Cayman Islands),NA,HND,Joint regime area: Honduras / United Kingdom (Cayman Islands),2103,Joint regime,2103,Honduras,HND,Honduras,8638,2208,Cayman Islands,CYM,United Kingdom,NA,NA,NA,NA,NA,-83.94222,18.70111,48972,2075,HND,GBR,NA,340,826,NA,340,136,NA,Joint regime area: Honduras / United Kingdom (Cayman Islands),HND,Honduras,GBR,NA
48973,Joint regime area: Iceland / Denmark (Faeroe Islands),NA,FRO,Joint regime area: Iceland / Denmark (Faeroe Islands),3297,Joint regime,2157,Faeroe,FRO,Denmark,2129,2129,Iceland,ISL,Iceland,NA,NA,NA,NA,NA,-10.98204,63.15298,48973,1234,DNK,ISL,NA,208,352,NA,234,352,NA,Joint regime area: Iceland / Denmark (Faeroe Islands),DNK,Faeroe,ISL,NA
48974,Joint regime area: Ecuador / Colombia,NA,ECU,Joint regime area: Ecuador / Colombia,2166,Joint regime,2166,Ecuador,ECU,Ecuador,2175,2175,Colombia,COL,Colombia,NA,NA,NA,NA,NA,-81.43712,1.46058,48974,18663,ECU,COL,NA,218,170,NA,218,170,NA,Joint regime area: Ecuador / Colombia,ECU,Ecuador,COL,NA
48975,Joint regime area: Iceland / Norway (Jan Mayen),NA,ISL,Joint regime area: Iceland / Norway (Jan Mayen),2129,Joint regime,2129,Iceland,ISL,Iceland,5343,2252,Jan Mayen,SJM,Norway,NA,NA,NA,NA,NA,-8.5,69.29167,48975,45532,ISL,NOR,NA,352,578,NA,352,744,NA,Joint regime area: Iceland / Norway (Jan Mayen),ISL,Iceland,NOR,NA
21797,Joint regime area: São Tomé and Principe / Nigeria,NA,STP,Joint regime area: São Tomé and Principe / Nigeria,2238,Joint regime,2238,São Tomé and Principe,STP,São Tomé and Principe,2253,2253,Nigeria,NGA,Nigeria,NA,NA,NA,NA,NA,5.58699,2.0676,21797,34534,STP,NGA,NA,678,566,NA,678,566,NA,Joint regime area: São Tomé and Principe / Nigeria,STP,São Tomé and Principe,NGA,NA
48976,Joint regime area: France / Italy,NA,FRA,Joint regime area: France / Italy,17,Joint regime,17,France,FRA,France,2133,2133,Italy,ITA,Italy,NA,NA,NA,NA,NA,9.04886,41.30715,48976,67,FRA,ITA,NA,250,380,NA,250,380,NA,Joint regime area: France / Italy,FRA,France,ITA,NA
21796,Joint regime area: South Korea / Japan,NA,KOR,Joint regime area: South Korea / Japan,8600,Joint regime,8600,South Korea,KOR,South Korea,2121,2121,Japan,JPN,Japan,NA,NA,NA,NA,NA,127.57808,30.81396,21796,82610,KOR,JPN,NA,410,392,NA,410,392,NA,Joint regime area: South Korea / Japan,KOR,South Korea,JPN,NA
48977,Joint regime area: Sweden / Norway,NA,NOR,Joint regime area: Sweden / Norway,2252,Joint regime,2252,Norway,NOR,Norway,2180,2180,Sweden,SWE,Sweden,NA,NA,NA,NA,NA,10.50095,58.80998,48977,140,NOR,SWE,NA,578,752,NA,578,752,NA,Joint regime area: Sweden / Norway,NOR,Norway,SWE,NA
50167,Joint regime area: Croatia / Slovenia,NA,HRV,Joint regime area: Croatia / Slovenia,2160,Joint regime,2160,Croatia,HRV,Croatia,2188,2188,Slovenia,SVN,Slovenia,NA,NA,NA,NA,NA,13.30933,45.4977,50167,98,HRV,SVN,NA,191,705,NA,191,705,NA,Joint regime area: Croatia / Slovenia,HRV,Croatia,SVN,NA
48978,Joint regime area: United States / Russia,NA,USA,Joint regime area: United States / Russia,2204,Joint regime,2204,United States,USA,United States,2240,2240,Russia,RUS,Russia,NA,NA,NA,NA,NA,-17.12724,61.18112,48978,8478,USA,RUS,NA,840,643,NA,840,643,NA,Joint regime area: United States / Russia,USA,United States,RUS,NA
64459,Joint regime area: Norway / Russia,NA,NOR,Joint regime area: Norway / Russia,2252,Joint regime,2252,Norway,NOR,Norway,2240,2240,Russia,RUS,Russia,NA,NA,NA,NA,NA,37.46457,72.92452,64459,3397,NOR,RUS,NA,578,643,NA,578,643,NA,Joint regime area: Norway / Russia,NOR,Norway,RUS,NA
8368,Western Sahara,ESH,ESH,Overlapping claim Western Sahara: Western Sahara / Morocco,8617,Overlapping claim,8617,Western Sahara,ESH,Western Sahara,8617,2221,Western Sahara,ESH,Morocco,NA,NA,NA,NA,NA,-17.69542,23.34236,8368,284054,ESH,MAR,NA,732,504,NA,732,732,NA,Overlapping claim Western Sahara: Western Sahara / Morocco,ESH,Western Sahara,MAR,NA
8389,Falkland / Malvinas Islands,FLK,FLK,Overlapping claim Falkland / Malvinas Islands: United Kingdom / Argentina,8623,Overlapping claim,2208,Falkland / Malvinas Islands,FLK,United Kingdom,8623,2149,Falkland / Malvinas Islands,FLK,Argentina,NA,NA,NA,NA,NA,-58.32237,-51.66703,8389,550566,GBR,ARG,NA,826,32,NA,238,238,NA,Overlapping claim Falkland / Malvinas Islands: United Kingdom / Argentina,GBR,Falkland / Malvinas Islands,ARG,NA
8365,Gibraltar,GIB,GIB,Overlapping claim Gibraltar: United Kingdom / Spain,3344,Overlapping claim,2208,Gibraltar,GIB,United Kingdom,2185,2185,Spain,ESP,Spain,NA,NA,NA,NA,NA,-5.21961,36.08832,8365,388,GIB,ESP,NA,826,724,NA,292,724,NA,Overlapping claim Gibraltar: United Kingdom / Spain,GIB,Gibraltar,ESP,NA
48944,Mayotte,MYT,MYT,Overlapping claim Mayotte: France / Comores,8606,Overlapping claim,17,Mayotte,MYT,France,8606,2163,Mayotte,MYT,Comores,NA,NA,NA,NA,NA,45.30656,-13.21698,48944,66738,FRA,COM,NA,250,174,NA,175,175,NA,Overlapping claim Mayotte: France / Comores,FRA,Mayotte,COM,NA
8383,South Georgia and the South Sandwich Islands,SGS,SGS,Overlapping claim South Georgia and the South Sandwich Islands: United Kingdom / Argentina,8624,Overlapping claim,2208,South Georgia and the South Sandwich Islands,SGS,United Kingdom,8624,2149,South Georgia and the South Sandwich Islands,SGS,Argentina,NA,NA,NA,NA,NA,-31.26381,-56.52404,8383,1237783,GBR,ARG,NA,826,32,NA,239,239,NA,Overlapping claim South Georgia and the South Sandwich Islands: United Kingdom / Argentina,GBR,South Georgia and the South Sandwich Islands,ARG,NA
8321,Taiwan,TWN,TWN,Overlapping claim Taiwan: Taiwan / China,2177,Overlapping claim,2177,Taiwan,TWN,Taiwan,2177,8603,Taiwan,TWN,China,NA,NA,NA,NA,NA,118.71458,21.42076,8321,355433,TWN,CHN,NA,158,158,NA,158,156,NA,Overlapping claim Taiwan: Taiwan / China,TWN,Taiwan,CHN,NA
5695,Ukraine,UKR,UKR,Overlapping claim Ukraine: Ukraine / Russia,2196,Overlapping claim,2196,Ukraine,UKR,Ukraine,2240,2240,Ukraine,UKR,Russia,NA,NA,NA,NA,NA,33.63465,44.95192,5695,136198,UKR,RUS,NA,804,643,NA,804,804,NA,Overlapping claim Ukraine: Ukraine / Russia,UKR,Ukraine,RUS,NA
8319,Wake Island / Enenkio,UMI,UMI,Overlapping claim Wake Island / Enenkio: United States / Marshall Islands,8597,Overlapping claim,2204,Wake Island / Enenkio,UMI,United States,8597,2226,Wake Island / Enenkio,UMI,Marshall Islands,NA,NA,NA,NA,NA,166.53046,19.50326,8319,406970,USA,MHL,NA,840,584,NA,581,NA,NA,Overlapping claim Wake Island / Enenkio: United States / Marshall Islands,USA,Wake Island / Enenkio,MHL,NA
48946,Ile Tromelin,NA,FRA,Overlapping claim Ile Tromelin: France / Madagascar / Republic of Mauritius,8613,Overlapping claim,17,Ile Tromelin,NA,France,8613,7963,Ile Tromelin,NA,Madagascar,8613,8614,Ile Tromelin,NA,Republic of Mauritius,54.67305,-15.71127,48946,274555,FRA,MDG,MUS,250,450,480,NA,NA,NA,Overlapping claim Ile Tromelin: France / Madagascar / Republic of Mauritius,FRA,Ile Tromelin,MDG,MUS
48945,Glorioso Islands,NA,MDG,Overlapping claim Glorioso Islands: France / Madagascar,8607,Overlapping claim,7963,Glorioso Islands,NA,Madagascar,8607,17,Glorioso Islands,ATF,France,NA,NA,NA,NA,NA,47.0969,-11.6181,48945,43506,MDG,FRA,NA,450,250,NA,NA,260,NA,Overlapping claim Glorioso Islands: France / Madagascar,MDG,Glorioso Islands,FRA,NA
48948,Matthew and Hunter Islands,NA,FRA,Overlapping claim Matthew and Hunter Islands: France / Vanuatu,49593,Overlapping claim,17,Matthew and Hunter Islands,NA,France,49593,2202,Matthew and Hunter Islands,NA,Vanuatu,NA,NA,NA,NA,NA,172.03655,-23.27911,48948,187184,FRA,VUT,NA,250,548,NA,NA,NA,NA,Overlapping claim Matthew and Hunter Islands: France / Vanuatu,FRA,Matthew and Hunter Islands,VUT,NA
48951,Navassa Island,NA,HTI,Overlapping claim Navassa Island: United States / Haiti / Jamaica,20312,Overlapping claim,8639,Navassa Island,NA,Haiti,20312,2204,Navassa Island,NA,United States,20312,8682,NA,NA,NA,-75.18373,18.33814,48951,13890,HTI,USA,NA,332,840,388,NA,NA,NA,Overlapping claim Navassa Island: United States / Haiti / Jamaica,HTI,Navassa Island,USA,NA
48965,Overlapping claim: Venezuela / Netherlands (Aruba) / Dominican Republic,NA,VEN,Overlapping claim: Venezuela / Netherlands (Aruba) / Dominican Republic,2201,Overlapping claim,2201,Venezuela,VEN,Venezuela,8652,15,Aruba,ABW,Netherlands,8640,8640,Dominican Republic,DOM,Dominican Republic,-69.65326,15.30381,48965,1113,VEN,NLD,DOM,862,528,214,862,533,214,Overlapping claim: Venezuela / Netherlands (Aruba) / Dominican Republic,VEN,Venezuela,NLD,DOM
48943,Overlapping claim: Canada / United States,NA,CAN,Overlapping claim: Canada / United States,2169,Overlapping claim,2169,Canada,CAN,Canada,2204,2204,United States,USA,United States,NA,NA,NA,NA,NA,-139.852,72.03395,48943,24772,CAN,USA,NA,124,840,NA,124,840,NA,Overlapping claim: Canada / United States,CAN,Canada,USA,NA
48971,Overlapping claim: Colombia / Dominican Republic / Venezuela,NA,COL,Overlapping claim: Colombia / Dominican Republic / Venezuela,2175,Overlapping claim,2175,Colombia,COL,Colombia,8640,8640,Dominican Republic,DOM,Dominican Republic,2201,2201,Venezuela,VEN,Venezuela,-71.09015,15.05334,48971,869,COL,DOM,VEN,170,214,862,170,214,862,Overlapping claim: Colombia / Dominican Republic / Venezuela,COL,Colombia,DOM,VEN
33185,Overlapping claim: Guyana / Trinidad and Tobago / Venezuela,NA,GUY,Overlapping claim: Guyana / Trinidad and Tobago / Venezuela,2124,Overlapping claim,2124,Guyana,GUY,Guyana,2186,2186,Trinidad and Tobago,TTO,Trinidad and Tobago,2201,2201,Venezuela,VEN,Venezuela,-57.88712,10.56539,33185,3612,GUY,TTO,VEN,328,780,862,328,780,862,Overlapping claim: Guyana / Trinidad and Tobago / Venezuela,GUY,Guyana,TTO,VEN
48982,Overlapping claim: United States (Puerto Rico) / Dominican Republic,NA,PRI,Overlapping claim: United States (Puerto Rico) / Dominican Republic,8641,Overlapping claim,2204,Puerto Rico,PRI,United States,8640,8640,Dominican Republic,DOM,Dominican Republic,NA,NA,NA,NA,NA,-66.84125,20.89448,48982,18297,USA,DOM,NA,840,214,NA,630,214,NA,Overlapping claim: United States (Puerto Rico) / Dominican Republic,USA,Puerto Rico,DOM,NA
49000,Melilla,NA,ESP,Overlapping claim Melilla: Spain / Morocco,36288,Overlapping claim,2185,Melilla,NA,Spain,36288,2221,Melilla,NA,Morocco,NA,NA,NA,NA,NA,-2.91697,35.31672,49000,27,ESP,MAR,NA,724,504,NA,NA,NA,NA,Overlapping claim Melilla: Spain / Morocco,ESP,Melilla,MAR,NA
49001,Alhucemas Islands,NA,ESP,Overlapping claim Alhucemas Islands: Spain / Morocco,48995,Overlapping claim,2185,Alhucemas Islands,NA,Spain,48995,2221,Alhucemas Islands,NA,Morocco,NA,NA,NA,NA,NA,-3.87866,35.23422,49001,14,ESP,MAR,NA,724,504,NA,NA,NA,NA,Overlapping claim Alhucemas Islands: Spain / Morocco,ESP,Alhucemas Islands,MAR,NA
48998,Perejil Island,NA,ESP,Overlapping claim Perejil Island: Spain / Morocco,48994,Overlapping claim,2185,Perejil Island,NA,Spain,48994,2221,Perejil Island,NA,Morocco,NA,NA,NA,NA,NA,-5.42011,35.91465,48998,1,ESP,MAR,NA,724,504,NA,NA,NA,NA,Overlapping claim Perejil Island: Spain / Morocco,ESP,Perejil Island,MAR,NA
49002,Ceuta,NA,ESP,Overlapping claim Ceuta: Spain / Morocco,14864,Overlapping claim,2185,Ceuta,NA,Spain,14864,2221,Ceuta,NA,Morocco,NA,NA,NA,NA,NA,-5.30551,35.86909,49002,33,ESP,MAR,NA,724,504,NA,NA,NA,NA,Overlapping claim Ceuta: Spain / Morocco,ESP,Ceuta,MAR,NA
48999,Peñón de Vélez de la Gomera,NA,ESP,Overlapping claim Peñón de Vélez de la Gomera: Spain / Morocco,48996,Overlapping claim,2185,Peñón de Vélez de la Gomera,NA,Spain,48996,2221,Peñón de Vélez de la Gomera,NA,Morocco,NA,NA,NA,NA,NA,-4.30609,35.18525,48999,4,ESP,MAR,NA,724,504,NA,NA,NA,NA,Overlapping claim Peñón de Vélez de la Gomera: Spain / Morocco,ESP,Peñón de Vélez de la Gomera,MAR,NA
48997,Chafarinas Islands,NA,ESP,Overlapping claim Chafarinas Islands: Spain / Morocco,5363,Overlapping claim,2185,Chafarinas Islands,NA,Spain,5363,2221,Chafarinas Islands,NA,Morocco,NA,NA,NA,NA,NA,-2.45356,35.1699,48997,26,ESP,MAR,NA,724,504,NA,NA,NA,NA,Overlapping claim Chafarinas Islands: Spain / Morocco,ESP,Chafarinas Islands,MAR,NA
48947,"Abu musa, Greater and Lesser Tunb",NA,ARE,"Overlapping claim Abu musa, Greater and Lesser Tunb: United Arab Emirates / Iran",64457,Overlapping claim,2206,"Abu musa, Greater and Lesser Tunb",NA,United Arab Emirates,64457,2126,"Abu musa, Greater and Lesser Tunb",NA,Iran,NA,NA,NA,NA,NA,55.1718,26.01269,48947,6173,ARE,IRN,NA,784,364,NA,NA,364,NA,"Overlapping claim Abu musa, Greater and Lesser Tunb: United Arab Emirates / Iran",ARE,"Abu musa, Greater and Lesser Tunb",IRN,NA
48956,Doumeira Islands,NA,ERI,Overlapping claim Doumeira Islands: Eritrea / Djibouti,48934,Overlapping claim,2111,Doumeira Islands,NA,Eritrea,48934,2131,Doumeira Islands,NA,Djibouti,NA,NA,NA,NA,NA,43.22221,12.75889,48956,245,ERI,DJI,NA,232,262,NA,NA,NA,NA,Overlapping claim Doumeira Islands: Eritrea / Djibouti,ERI,Doumeira Islands,DJI,NA
48954,Senkaku Islands,NA,TWN,Overlapping claim Senkaku Islands: Taiwan / Japan / China,48936,Overlapping claim,2177,Senkaku Islands,NA,Taiwan,48936,2121,Senkaku Islands,NA,Japan,48936,8603,Senkaku Islands,NA,China,124.12211,26.5208,48954,73794,TWN,JPN,CHN,158,392,156,NA,NA,NA,Overlapping claim Senkaku Islands: Taiwan / Japan / China,TWN,Senkaku Islands,JPN,CHN
48950,Kuril Islands,NA,JPN,Overlapping claim Kuril Islands: Japan / Russia,9011,Overlapping claim,2121,Kuril Islands,NA,Japan,9011,2240,Kuril Islands,NA,Russia,NA,NA,NA,NA,NA,147.96154,43.88606,48950,213723,JPN,RUS,NA,392,643,NA,NA,NA,NA,Overlapping claim Kuril Islands: Japan / Russia,JPN,Kuril Islands,RUS,NA
26582,Halaib Triangle,NA,SDN,Overlapping claim Halaib Triangle: Sudan / Egypt,64458,Overlapping claim,2183,Halaib Triangle,NA,Sudan,64458,3868,Halaib Triangle,NA,Egypt,NA,NA,NA,NA,NA,36.87917,22.61164,26582,19734,SDN,EGY,NA,729,818,NA,NA,NA,NA,Overlapping claim Halaib Triangle: Sudan / Egypt,SDN,Halaib Triangle,EGY,NA
49003,Overlapping claim: South China Sea,NA,CHN,Overlapping claim: South China Sea,NA,Overlapping claim,8603,China,CHN,China,NA,NA,NA,NA,NA,NA,NA,NA,NA,NA,114.10176,13.14179,49003,338839,CHN,NA,NA,156,NA,NA,156,NA,NA,Overlapping claim: South China Sea,CHN,China,NA,NA
48955,Liancourt Rocks,NA,JPN,Overlapping claim Liancourt Rocks: Japan / South Korea,48935,Overlapping claim,2121,Liancourt Rocks,NA,Japan,48935,8600,Liancourt Rocks,NA,South Korea,NA,NA,NA,NA,NA,131.86633,37.24233,48955,1624,JPN,KOR,NA,392,410,NA,NA,NA,NA,Overlapping claim Liancourt Rocks: Japan / South Korea,JPN,Liancourt Rocks,KOR,NA
50170,Overlapping claim: Qatar / Saudi Arabia / United Arab Emirates,NA,QAT,Overlapping claim: Qatar / Saudi Arabia / United Arab Emirates,8468,Overlapping claim,8468,Qatar,QAT,Qatar,2215,2215,Saudi Arabia,SAU,Saudi Arabia,2206,2206,United Arab Emirates,ARE,United Arab Emirates,51.59986,24.69243,50170,126,QAT,SAU,ARE,634,682,784,634,682,784,Overlapping claim: Qatar / Saudi Arabia / United Arab Emirates,QAT,Qatar,SAU,ARE
64460,Overlapping claim: Iraq / Iran,NA,IRQ,Overlapping claim: Iraq / Iran,2125,Overlapping claim,2125,Iraq,IRQ,Iraq,2126,2126,Iran,IRN,Iran,NA,NA,NA,NA,NA,48.69255,29.87235,64460,28,IRQ,IRN,NA,368,364,NA,368,364,NA,Overlapping claim: Iraq / Iran,IRQ,Iraq,IRN,NA
64430,Overlapping claim: Egypt / Libya,NA,EGY,Overlapping claim: Egypt / Libya,3868,Overlapping claim,3868,Egypt,EGY,Egypt,2194,2194,Libya,LBY,Libya,NA,NA,NA,NA,NA,25.70163,32.81282,64430,8114,EGY,LBY,NA,818,434,NA,NA,NA,NA,Overlapping claim: Egypt / Libya,EGY,Egypt,LBY,NA
64431,Overlapping claim: Belize / Honduras,NA,BLZ,Overlapping claim: Belize / Honduras,8681,Overlapping claim,8681,Belize,BLZ,Belize,2103,2103,Honduras,HND,Honduras,NA,NA,NA,NA,NA,-88.21289,16.12316,64431,1450,BLZ,HND,NA,84,340,NA,NA,NA,NA,Overlapping claim: Belize / Honduras,BLZ,Belize,HND,NA
64440,Overlapping claim: Malaysia / Singapore,NA,MYS,Overlapping claim: Malaysia / Singapore,2230,Overlapping claim,2230,Malaysia,MYS,Malaysia,2190,2190,Singapore,SGP,Singapore,NA,NA,NA,NA,NA,104.45239,1.40778,64440,287,MYS,SGP,NA,458,702,NA,NA,NA,NA,Overlapping claim: Malaysia / Singapore,MYS,Malaysia,SGP,NA
