"","iso","label","id","GEONAME","POL_TYPE","iso3","isoSov1","isoSov2","isoSov3","territory1"
"1","ASM","American Samoa",8444,"United States Exclusive Economic Zone (American Samoa)","200NM",NA,NA,NA,NA,NA
"2","SHN","Ascension",8379,"British Exclusive Economic Zone (Ascension)","200NM",NA,NA,NA,NA,NA
"3","COK","Cook Islands",8446,"New Zealand Exclusive Economic Zone (Cook Islands)","200NM",NA,NA,NA,NA,NA
"4","FLK","Falkland / Malvinas Islands",8389,"Overlapping claim Falkland / Malvinas Islands: United Kingdom / Argentina","Overlapping claim",NA,NA,NA,NA,NA
"5","PYF","French Polynesia",8440,"French Exclusive Economic Zone (French Polynesia)","200NM",NA,NA,NA,NA,NA
"6","PCN","Pitcairn",8439,"British Exclusive Economic Zone (Pitcairn)","200NM",NA,NA,NA,NA,NA
"7","SHN","Saint Helena",8380,"British Exclusive Economic Zone (Saint Helena)","200NM",NA,NA,NA,NA,NA
"8","WSM","Samoa",8445,"Samoan Exclusive Economic Zone","200NM",NA,NA,NA,NA,NA
"9","TON","Tonga",8448,"Tongan Exclusive Economic Zone","200NM",NA,NA,NA,NA,NA
"10","SHN","Tristan da Cunha",8382,"British Exclusive Economic Zone (Tristan da Cunha)","200NM",NA,NA,NA,NA,NA
"11","CHL","Chile",8465,"Chilean Exclusive Economic Zone","200NM",NA,NA,NA,NA,NA
"12","NIU","Niue",8447,"New Zealand Exclusive Economic Zone (Niue)","200NM",NA,NA,NA,NA,NA
"13",NA,"Joint regime area: Uruguay / Argentina",48961,"Joint regime area: Uruguay / Argentina","Joint regime",NA,"URY","ARG",NA,"Uruguay"
"14",NA,"Joint regime area: Peru / Ecuador",48962,"Joint regime area: Peru / Ecuador","Joint regime",NA,"PER","ECU",NA,"Peru"
"15","URY","Uruguay",8467,"Uruguayan Exclusive Economic Zone","200NM",NA,NA,NA,NA,NA
"16","TKL","Tokelau",8449,"New Zealand Exclusive Economic Zone (Tokelau)","200NM",NA,NA,NA,NA,NA
"17","PER","Peru",8432,"Peruvian Exclusive Economic Zone","200NM",NA,NA,NA,NA,NA
"18","CHL","Islas San Félix and San Ambrosio",22756,"Chilean Exclusive Economic Zone (Islas San Félix and San Ambrosio)","200NM",NA,NA,NA,NA,NA
"19","CHL","Easter Island",21787,"Chilean Exclusive Economic Zone (Easter Island)","200NM",NA,NA,NA,NA,NA
"20","BRA","Trindade",8381,"Brazilian Exclusive Economic Zone (Trindade)","200NM",NA,NA,NA,NA,NA
"21","KIR","Phoenix Group",8450,"Kiribati Exclusive Economic Zone (Phoenix Group)","200NM",NA,NA,NA,NA,NA
"22","ARG","Argentina",8466,"Argentinian Exclusive Economic Zone","200NM",NA,NA,NA,NA,NA
"23","ATF","Amsterdam and Saint Paul Islands",8386,"French Exclusive Economic Zone (Amsterdam and Saint Paul Islands)","200NM",NA,NA,NA,NA,NA
"24","CXR","Christmas Island",8309,"Australian Exclusive Economic Zone (Christmas Island)","200NM",NA,NA,NA,NA,NA
"25","CCK","Cocos Islands",8308,"Australian Exclusive Economic Zone (Cocos Islands)","200NM",NA,NA,NA,NA,NA
"26","COM","Comores",8334,"Comoran Exclusive Economic Zone","200NM",NA,NA,NA,NA,NA
"27","ATF","Crozet Islands",8385,"French Exclusive Economic Zone (Crozet Islands)","200NM",NA,NA,NA,NA,NA
"28","MYT","Mayotte",48944,"Overlapping claim Mayotte: France / Comores","Overlapping claim",NA,NA,NA,NA,NA
"29",NA,"Ile Tromelin",48946,"Overlapping claim Ile Tromelin: France / Madagascar / Republic of Mauritius","Overlapping claim",NA,NA,NA,NA,NA
"30","HMD","Heard and McDonald Islands",8388,"Australian Exclusive Economic Zone (Heard and McDonald Islands)","200NM",NA,NA,NA,NA,NA
"31","ATF","Kerguélen",8387,"French Exclusive Economic Zone (Kerguélen)","200NM",NA,NA,NA,NA,NA
"32","MDG","Madagascar",8348,"Madagascan Exclusive Economic Zone","200NM",NA,NA,NA,NA,NA
"33","ZAF","South Africa",8396,"South African Exclusive Economic Zone","200NM",NA,NA,NA,NA,NA
"34","NCL","New Caledonia",8312,"French Exclusive Economic Zone (New Caledonia)","200NM",NA,NA,NA,NA,NA
"35","NFK","Norfolk Island",8310,"Australian Exclusive Economic Zone (Norfolk Island)","200NM",NA,NA,NA,NA,NA
"36","MUS","Republic of Mauritius",8343,"Mauritian Exclusive Economic Zone","200NM",NA,NA,NA,NA,NA
"37","REU","Réunion",8338,"French Exclusive Economic Zone (Réunion)","200NM",NA,NA,NA,NA,NA
"38","VUT","Vanuatu",8313,"Vanuatuan Exclusive Economic Zone","200NM",NA,NA,NA,NA,NA
"39","NAM","Namibia",8395,"Namibian Exclusive Economic Zone","200NM",NA,NA,NA,NA,NA
"40","TLS","Oecusse",21791,"Timorese Exclusive Economic Zone (Oecusse)","200NM",NA,NA,NA,NA,NA
"41","COG","Republic of the Congo",8394,"Congolese (Republic of) Exclusive Economic Zone","200NM",NA,NA,NA,NA,NA
"42","AGO","Angola",8478,"Angolan Exclusive Economic Zone","200NM",NA,NA,NA,NA,NA
"43","MOZ","Mozambique",8347,"Mozambican Exclusive Economic Zone","200NM",NA,NA,NA,NA,NA
"44","KEN","Kenya",8349,"Kenyan Exclusive Economic Zone","200NM",NA,NA,NA,NA,NA
"45",NA,"Joint regime area Torres Strait Treaty: Papua New Guinea / Australia",21798,"Joint regime area Torres Strait Treaty: Papua New Guinea / Australia","Joint regime",NA,"PNG","AUS",NA,"Papua New Guinea"
"46","ZAF","Prince Edward Islands",8384,"South African Exclusive Economic Zone (Prince Edward Islands)","200NM",NA,NA,NA,NA,NA
"47","TZA","Tanzania",8479,"Tanzanian Exclusive Economic Zone","200NM",NA,NA,NA,NA,NA
"48","SLB","Solomon Islands",8314,"Solomon Islands Exclusive Economic Zone","200NM",NA,NA,NA,NA,NA
"49","SYC","Seychelles",8337,"Seychellois Exclusive Economic Zone","200NM",NA,NA,NA,NA,NA
"50",NA,"Glorioso Islands",48945,"Overlapping claim Glorioso Islands: France / Madagascar","Overlapping claim",NA,NA,NA,NA,NA
"51","ATF","Europa Island",8341,"French Exclusive Economic Zone (Europa Island)","200NM",NA,NA,NA,NA,NA
"52",NA,"Matthew and Hunter Islands",48948,"Overlapping claim Matthew and Hunter Islands: France / Vanuatu","Overlapping claim",NA,NA,NA,NA,NA
"53","COD","Democratic Republic of the Congo",8477,"Congolese (Democratic Republic of) Exclusive Economic Zone","200NM",NA,NA,NA,NA,NA
"54","AUS","Australia",8323,"Australian Exclusive Economic Zone","200NM",NA,NA,NA,NA,NA
"55","AUS","Macquarie Island",8311,"Australian Exclusive Economic Zone (Macquarie Island)","200NM",NA,NA,NA,NA,NA
"56","ATF","Juan de Nova Island",8339,"French Exclusive Economic Zone (Juan de Nova Island)","200NM",NA,NA,NA,NA,NA
"57","ATF","Bassas da India",8340,"French Exclusive Economic Zone (Bassas da India)","200NM",NA,NA,NA,NA,NA
"58","TLS","East Timor",8758,"Timorese Exclusive Economic Zone","200NM",NA,NA,NA,NA,NA
"59","AIA","Anguilla",8412,"British Exclusive Economic Zone (Anguilla)","200NM",NA,NA,NA,NA,NA
"60","ATG","Antigua and Barbuda",8414,"Antiguan and Barbudan Exclusive Economic Zone","200NM",NA,NA,NA,NA,NA
"61","ABW","Aruba",26519,"Dutch Exclusive Economic Zone (Aruba)","200NM",NA,NA,NA,NA,NA
"62","PRT","Azores",8361,"Portuguese Exclusive Economic Zone (Azores)","200NM",NA,NA,NA,NA,NA
"63","BHS","Bahamas",8404,"Bahamian Exclusive Economic Zone","200NM",NA,NA,NA,NA,NA
"64","BRB","Barbados",8418,"Barbadian Exclusive Economic Zone","200NM",NA,NA,NA,NA,NA
"65","MEX","Mexico",8429,"Mexican Exclusive Economic Zone","200NM",NA,NA,NA,NA,NA
"66","BES","Bonaire",26520,"Dutch Exclusive Economic Zone (Bonaire)","200NM",NA,NA,NA,NA,NA
"67","VGB","British Virgin Islands",8411,"British Exclusive Economic Zone (British Virgin Islands)","200NM",NA,NA,NA,NA,NA
"68","CPV","Cape Verde",8362,"Cape Verdean Exclusive Economic Zone","200NM",NA,NA,NA,NA,NA
"69","ESP","Canary Islands",8364,"Spanish Exclusive Economic Zone (Canary Islands)","200NM",NA,NA,NA,NA,NA
"70","CYM","Cayman Islands",8407,"British Exclusive Economic Zone (Cayman Islands)","200NM",NA,NA,NA,NA,NA
"71","FRA","Clipperton Island",8401,"French Exclusive Economic Zone (Clipperton Island)","200NM",NA,NA,NA,NA,NA
"72","PAN","Panama",8423,"Panamanian Exclusive Economic Zone","200NM",NA,NA,NA,NA,NA
"73","CRI","Costa Rica",8424,"Costa Rican Exclusive Economic Zone","200NM",NA,NA,NA,NA,NA
"74","CUW","Curaçao",26517,"Dutch Exclusive Economic Zone (Curaçao)","200NM",NA,NA,NA,NA,NA
"75","DMA","Dominica",8417,"Dominican Exclusive Economic Zone","200NM",NA,NA,NA,NA,NA
"76","DOM","Dominican Republic",8409,"Dominican (Republic) Exclusive Economic Zone","200NM",NA,NA,NA,NA,NA
"77","GTM","Guatemala",8430,"Guatemalan Exclusive Economic Zone","200NM",NA,NA,NA,NA,NA
"78","FRO","Faeroe",8435,"Danish Exclusive Economic Zone (Faeroe)","200NM",NA,NA,NA,NA,NA
"79","GMB","Gambia",8370,"Gambian Exclusive Economic Zone","200NM",NA,NA,NA,NA,NA
"80","GIB","Gibraltar",8365,"Overlapping claim Gibraltar: United Kingdom / Spain","Overlapping claim",NA,NA,NA,NA,NA
"81","GRD","Grenada",8419,"Grenadian Exclusive Economic Zone","200NM",NA,NA,NA,NA,NA
"82","GLP","Guadeloupe",33177,"French Exclusive Economic Zone (Guadeloupe)","200NM",NA,NA,NA,NA,NA
"83","SLE","Sierra Leone",8390,"Sierra Leonean Exclusive Economic Zone","200NM",NA,NA,NA,NA,NA
"84","ISL","Iceland",5680,"Icelandic Exclusive Economic Zone","200NM",NA,NA,NA,NA,NA
"85","JAM","Jamaica",8459,"Jamaican Exclusive Economic Zone","200NM",NA,NA,NA,NA,NA
"86","PRT","Madeira",8363,"Portuguese Exclusive Economic Zone (Madeira)","200NM",NA,NA,NA,NA,NA
"87","MRT","Mauritania",8369,"Mauritanian Exclusive Economic Zone","200NM",NA,NA,NA,NA,NA
"88","MSR","Montserrat",8415,"British Exclusive Economic Zone (Montserrat)","200NM",NA,NA,NA,NA,NA
"89",NA,"Navassa Island",48951,"Overlapping claim Navassa Island: United States / Haiti / Jamaica","Overlapping claim",NA,NA,NA,NA,NA
"90","UMI","Palmyra Atoll",8443,"United States Exclusive Economic Zone (Palmyra Atoll)","200NM",NA,NA,NA,NA,NA
"91","PRI","Puerto Rico",33179,"United States Exclusive Economic Zone (Puerto Rico)","200NM",NA,NA,NA,NA,NA
"92","BES","Saba",26518,"Dutch Exclusive Economic Zone (Saba)","200NM",NA,NA,NA,NA,NA
"93","BLM","Saint-Barthélemy",48952,"French Exclusive Economic Zone (Saint-Barthélemy)","200NM",NA,NA,NA,NA,NA
"94","BES","Sint-Eustatius",26526,"Dutch Exclusive Economic Zone (Sint-Eustatius)","200NM",NA,NA,NA,NA,NA
"95","KNA","Saint Kitts and Nevis",8413,"Kittitian and Nevisian Exclusive Economic Zone","200NM",NA,NA,NA,NA,NA
"96","LCA","Saint Lucia",8416,"Saint Lucian Exclusive Economic Zone","200NM",NA,NA,NA,NA,NA
"97","MAF","Collectivity of Saint Martin",8495,"French Exclusive Economic Zone (Collectivity of Saint Martin)","200NM",NA,NA,NA,NA,NA
"98","SPM","Saint-Pierre and Miquelon",8494,"French Exclusive Economic Zone (Saint-Pierre and Miquelon)","200NM",NA,NA,NA,NA,NA
"99","VCT","Saint Vincent and the Grenadines",8421,"Saint Vincentian Exclusive Economic Zone","200NM",NA,NA,NA,NA,NA
"100","SXM","Sint-Maarten",21803,"Dutch Exclusive Economic Zone (Sint-Maarten)","200NM",NA,NA,NA,NA,NA
"101","TTO","Trinidad and Tobago",8420,"Trinidadian and Tobagonian Exclusive Economic Zone","200NM",NA,NA,NA,NA,NA
"102","TCA","Turks and Caicos Islands",8405,"British Exclusive Economic Zone (Turks and Caicos Islands)","200NM",NA,NA,NA,NA,NA
"103","VIR","United States Virgin Islands",33180,"United States Exclusive Economic Zone (United States Virgin Islands)","200NM",NA,NA,NA,NA,NA
"104","PRT","Portugal",5688,"Portuguese Exclusive Economic Zone","200NM",NA,NA,NA,NA,NA
"105","SLV","El Salvador",8428,"Salvadoran Exclusive Economic Zone","200NM",NA,NA,NA,NA,NA
"106","BLZ","Belize",8457,"Belizean Exclusive Economic Zone","200NM",NA,NA,NA,NA,NA
"107","CUB","Cuba",8406,"Cuban Exclusive Economic Zone","200NM",NA,NA,NA,NA,NA
"108","HTI","Haiti",8408,"Haitian Exclusive Economic Zone","200NM",NA,NA,NA,NA,NA
"109","MTQ","Martinique",33178,"French Exclusive Economic Zone (Martinique)","200NM",NA,NA,NA,NA,NA
"110",NA,"Joint regime area: Senegal / Guinea-Bissau",48964,"Joint regime area: Senegal / Guinea-Bissau","Joint regime",NA,"SEN","GNB",NA,"Senegal"
"111",NA,"Overlapping claim: Venezuela / Netherlands (Aruba) / Dominican Republic",48965,"Overlapping claim: Venezuela / Netherlands (Aruba) / Dominican Republic","Overlapping claim",NA,"VEN","NLD","DOM","Venezuela"
"112",NA,"Joint regime area: Spain / France",48966,"Joint regime area: Spain / France","Joint regime",NA,"FRA","ESP",NA,"France"
"113",NA,"Joint regime area: United Kingdom / Denmark (Faeroe Islands)",48967,"Joint regime area: United Kingdom / Denmark (Faeroe Islands)","Joint regime",NA,"GBR","DNK",NA,"United Kingdom"
"114",NA,"Overlapping claim: Canada / United States",48943,"Overlapping claim: Canada / United States","Overlapping claim",NA,"CAN","USA",NA,"Canada"
"115",NA,"Joint regime area: Costa Rica / Ecuador (Galapagos)",48968,"Joint regime area: Costa Rica / Ecuador (Galapagos)","Joint regime",NA,"CRI","ECU",NA,"Costa Rica"
"116","NIC","Nicaragua",8425,"Nicaraguan Exclusive Economic Zone","200NM",NA,NA,NA,NA,NA
"117","GUY","Guyana",8460,"Guyanese Exclusive Economic Zone","200NM",NA,NA,NA,NA,NA
"118",NA,"Joint regime area: Barbados / Guyana",48969,"Joint regime area: Barbados / Guyana","Joint regime",NA,"BRB","GUY",NA,"Barbados"
"119",NA,"Joint regime area: Dominican Republic / Colombia",48970,"Joint regime area: Dominican Republic / Colombia","Joint regime",NA,"DOM","COL",NA,"Dominican Republic"
"120",NA,"Overlapping claim: Colombia / Dominican Republic / Venezuela",48971,"Overlapping claim: Colombia / Dominican Republic / Venezuela","Overlapping claim",NA,"COL","DOM","VEN","Colombia"
"121","IRL","Ireland",5681,"Irish Exclusive Economic Zone","200NM",NA,NA,NA,NA,NA
"122","GGY","Guernsey",21788,"British Exclusive Economic Zone (Guernsey)","200NM",NA,NA,NA,NA,NA
"123","JEY","Jersey",21789,"British Exclusive Economic Zone (Jersey)","200NM",NA,NA,NA,NA,NA
"124","SEN","Senegal",8371,"Senegalese Exclusive Economic Zone","200NM",NA,NA,NA,NA,NA
"125","GNB","Guinea-Bissau",8471,"Bissau-Guinean Exclusive Economic Zone","200NM",NA,NA,NA,NA,NA
"126","GIN","Guinea",8472,"Guinean Exclusive Economic Zone","200NM",NA,NA,NA,NA,NA
"127","CIV","Ivory Coast",8473,"Ivorian Exclusive Economic Zone","200NM",NA,NA,NA,NA,NA
"128",NA,"Overlapping claim: Guyana / Trinidad and Tobago / Venezuela",33185,"Overlapping claim: Guyana / Trinidad and Tobago / Venezuela","Overlapping claim",NA,"GUY","TTO","VEN","Guyana"
"129","LBR","Liberia",8391,"Liberian Exclusive Economic Zone","200NM",NA,NA,NA,NA,NA
"130",NA,"Joint regime area: Jamaica / Colombia",21792,"Joint regime area: Jamaica / Colombia","Joint regime",NA,"JAM","COL",NA,"Jamaica"
"131",NA,"Joint regime area: Honduras / United Kingdom (Cayman Islands)",48972,"Joint regime area: Honduras / United Kingdom (Cayman Islands)","Joint regime",NA,"HND","GBR",NA,"Honduras"
"132",NA,"Joint regime area: Iceland / Denmark (Faeroe Islands)",48973,"Joint regime area: Iceland / Denmark (Faeroe Islands)","Joint regime",NA,"DNK","ISL",NA,"Faeroe"
"133","VEN","Venezuela",8433,"Venezuelan Exclusive Economic Zone","200NM",NA,NA,NA,NA,NA
"134","HND","Honduras",8427,"Honduran Exclusive Economic Zone","200NM",NA,NA,NA,NA,NA
"135",NA,"Joint regime area: Ecuador / Colombia",48974,"Joint regime area: Ecuador / Colombia","Joint regime",NA,"ECU","COL",NA,"Ecuador"
"136",NA,"Joint regime area: Iceland / Norway (Jan Mayen)",48975,"Joint regime area: Iceland / Norway (Jan Mayen)","Joint regime",NA,"ISL","NOR",NA,"Iceland"
"137","CAN","Canada",8493,"Canadian Exclusive Economic Zone","200NM",NA,NA,NA,NA,NA
"138","ESH","Western Sahara",8368,"Overlapping claim Western Sahara: Western Sahara / Morocco","Overlapping claim",NA,NA,NA,NA,NA
"139","SUR","Suriname",8461,"Surinamese Exclusive Economic Zone","200NM",NA,NA,NA,NA,NA
"140","GUF","French Guiana",8462,"French Exclusive Economic Zone (French Guiana)","200NM",NA,NA,NA,NA,NA
"141",NA,"Overlapping claim: United States (Puerto Rico) / Dominican Republic",48982,"Overlapping claim: United States (Puerto Rico) / Dominican Republic","Overlapping claim","PRI","USA","DOM",NA,"Puerto Rico"
"142","UMI","Johnston Atoll",8452,"United States Exclusive Economic Zone (Johnston Atoll)","200NM",NA,NA,NA,NA,NA
"143","COL","Colombia",8426,"Colombian Exclusive Economic Zone","200NM",NA,NA,NA,NA,NA
"144","COL","Serrana Bank",62596,"Colombian Exclusive Economic Zone (Serrana Bank)","200NM",NA,NA,NA,NA,NA
"145","COL","Quitasueño Bank",62598,"Colombian Exclusive Economic Zone (Quitasueño Bank)","200NM",NA,NA,NA,NA,NA
"146","COL","Serranilla Bank",48984,"Colombian Exclusive Economic Zone (Serranilla Bank)","200NM",NA,NA,NA,NA,NA
"147","COL","Bajo Nuevo Bank",48985,"Colombian Exclusive Economic Zone (Bajo Nuevo Bank)","200NM",NA,NA,NA,NA,NA
"148","MAR","Morocco",8367,"Moroccan Exclusive Economic Zone","200NM",NA,NA,NA,NA,NA
"149",NA,"Melilla",49000,"Overlapping claim Melilla: Spain / Morocco","Overlapping claim",NA,NA,NA,NA,NA
"150",NA,"Alhucemas Islands",49001,"Overlapping claim Alhucemas Islands: Spain / Morocco","Overlapping claim",NA,NA,NA,NA,NA
"151",NA,"Perejil Island",48998,"Overlapping claim Perejil Island: Spain / Morocco","Overlapping claim",NA,NA,NA,NA,NA
"152",NA,"Ceuta",49002,"Overlapping claim Ceuta: Spain / Morocco","Overlapping claim",NA,NA,NA,NA,NA
"153",NA,"Peñón de Vélez de la Gomera",48999,"Overlapping claim Peñón de Vélez de la Gomera: Spain / Morocco","Overlapping claim",NA,NA,NA,NA,NA
"154",NA,"Chafarinas Islands",48997,"Overlapping claim Chafarinas Islands: Spain / Morocco","Overlapping claim",NA,NA,NA,NA,NA
"155","ARE","United Arab Emirates",8360,"Emirati Exclusive Economic Zone","200NM",NA,NA,NA,NA,NA
"156","CYP","Cyprus",8376,"Cypriote Exclusive Economic Zone","200NM",NA,NA,NA,NA,NA
"157",NA,"Abu musa, Greater and Lesser Tunb",48947,"Overlapping claim Abu musa, Greater and Lesser Tunb: United Arab Emirates / Iran","Overlapping claim",NA,NA,NA,NA,NA
"158",NA,"Doumeira Islands",48956,"Overlapping claim Doumeira Islands: Eritrea / Djibouti","Overlapping claim",NA,NA,NA,NA,NA
"159","EGY","Egypt",8490,"Egyptian Exclusive Economic Zone","200NM",NA,NA,NA,NA,NA
"160","ERI","Eritrea",8351,"Eritrean Exclusive Economic Zone","200NM",NA,NA,NA,NA,NA
"161","GEO","Georgia",5678,"Georgian Exclusive Economic Zone","200NM",NA,NA,NA,NA,NA
"162","IRN","Iran",8469,"Iranian Exclusive Economic Zone","200NM",NA,NA,NA,NA,NA
"163","LBN","Lebanon",8374,"Lebanese Exclusive Economic Zone","200NM",NA,NA,NA,NA,NA
"164","LBY","Libya",8372,"Libyan Exclusive Economic Zone","200NM",NA,NA,NA,NA,NA
"165","MLT","Malta",5685,"Maltese Exclusive Economic Zone","200NM",NA,NA,NA,NA,NA
"166","OMN","Oman",8354,"Omani Exclusive Economic Zone","200NM",NA,NA,NA,NA,NA
"167","SAU","Saudi Arabia",8356,"Saudi Arabian Exclusive Economic Zone","200NM",NA,NA,NA,NA,NA
"168","LKA","Sri Lanka",8346,"Sri Lankan Exclusive Economic Zone","200NM",NA,NA,NA,NA,NA
"169","SYR","Syria",8373,"Syrian Exclusive Economic Zone","200NM",NA,NA,NA,NA,NA
"170","TGO","Togo",8392,"Togolese Exclusive Economic Zone","200NM",NA,NA,NA,NA,NA
"171","GRC","Greece",5679,"Greek Exclusive Economic Zone","200NM",NA,NA,NA,NA,NA
"172","TUR","Turkey",5697,"Turkish Exclusive Economic Zone","200NM",NA,NA,NA,NA,NA
"173","MCO","Monaco",21790,"Monégasque Exclusive Economic Zone","200NM",NA,NA,NA,NA,NA
"174","TUN","Tunisia",8366,"Tunisian Exclusive Economic Zone","200NM",NA,NA,NA,NA,NA
"175","MNE","Montenegro",5691,"Montenegrin Exclusive Economic Zone","200NM",NA,NA,NA,NA,NA
"176","ALB","Albania",5670,"Albanian Exclusive Economic Zone","200NM",NA,NA,NA,NA,NA
"177","BGR","Bulgaria",5672,"Bulgarian Exclusive Economic Zone","200NM",NA,NA,NA,NA,NA
"178","PSE","Palestine",48953,"Palestinian Exclusive Economic Zone","200NM",NA,NA,NA,NA,NA
"179","KWT","Kuwait",8357,"Kuwaiti Exclusive Economic Zone","200NM",NA,NA,NA,NA,NA
"180","IRQ","Iraq",8470,"Iraqi Exclusive Economic Zone","200NM",NA,NA,NA,NA,NA
"181","BHR","Bahrain",8358,"Bahraini Exclusive Economic Zone","200NM",NA,NA,NA,NA,NA
"182","QAT","Qatar",8468,"Qatari Exclusive Economic Zone","200NM",NA,NA,NA,NA,NA
"183","YEM","Yemen",8353,"Yemeni Exclusive Economic Zone","200NM",NA,NA,NA,NA,NA
"184","ISR","Israel",8375,"Israeli Exclusive Economic Zone","200NM",NA,NA,NA,NA,NA
"185","JOR","Jordan",8491,"Jordanian Exclusive Economic Zone","200NM",NA,NA,NA,NA,NA
"186","DJI","Djibouti",8352,"Djiboutian Exclusive Economic Zone","200NM",NA,NA,NA,NA,NA
"187","BGD","Bangladesh",8481,"Bangladeshi Exclusive Economic Zone","200NM",NA,NA,NA,NA,NA
"188","NGA","Nigeria",8474,"Nigerian Exclusive Economic Zone","200NM",NA,NA,NA,NA,NA
"189","CMR","Cameroon",8475,"Cameroonian Exclusive Economic Zone","200NM",NA,NA,NA,NA,NA
"190",NA,"Joint regime area: São Tomé and Principe / Nigeria",21797,"Joint regime area: São Tomé and Principe / Nigeria","Joint regime",NA,"STP","NGA",NA,"São Tomé and Principe"
"191",NA,"Joint regime area: France / Italy",48976,"Joint regime area: France / Italy","Joint regime",NA,"FRA","ITA",NA,"France"
"192","BIH","Bosnia and Herzegovina",22491,"Bosnian and Herzegovinian Exclusive Economic Zone","200NM",NA,NA,NA,NA,NA
"193","GUM","Guam",48957,"United States Exclusive Economic Zone (Guam)","200NM",NA,NA,NA,NA,NA
"194","MHL","Marshall Islands",8318,"Marshallese Exclusive Economic Zone","200NM",NA,NA,NA,NA,NA
"195","MNP","Northern Mariana Islands",48980,"United States Exclusive Economic Zone (Northern Mariana Islands)","200NM",NA,NA,NA,NA,NA
"196","PLW","Palau",8315,"Palauan Exclusive Economic Zone","200NM",NA,NA,NA,NA,NA
"197","PHL","Philippines",8322,"Philippine Exclusive Economic Zone","200NM",NA,NA,NA,NA,NA
"198",NA,"Senkaku Islands",48954,"Overlapping claim Senkaku Islands: Taiwan / Japan / China","Overlapping claim",NA,NA,NA,NA,NA
"199","SGP","Singapore",8485,"Singaporean Exclusive Economic Zone","200NM",NA,NA,NA,NA,NA
"200","THA","Thailand",8332,"Thailand Exclusive Economic Zone","200NM",NA,NA,NA,NA,NA
"201","UMI","Wake Island / Enenkio",8319,"Overlapping claim Wake Island / Enenkio: United States / Marshall Islands","Overlapping claim",NA,NA,NA,NA,NA
"202","VNM","Vietnam",8484,"Vietnamese Exclusive Economic Zone","200NM",NA,NA,NA,NA,NA
"203",NA,"Joint regime area: South Korea / Japan",21796,"Joint regime area: South Korea / Japan","Joint regime",NA,"KOR","JPN",NA,"South Korea"
"204","BRN","Brunei",26521,"Bruneian Exclusive Economic Zone","200NM",NA,NA,NA,NA,NA
"205","TWN","Taiwan",8321,"Overlapping claim Taiwan: Taiwan / China","Overlapping claim",NA,NA,NA,NA,NA
"206","PRK","North Korea",8328,"North Korean Exclusive Economic Zone","200NM",NA,NA,NA,NA,NA
"207","KHM","Cambodia",8331,"Cambodian Exclusive Economic Zone","200NM",NA,NA,NA,NA,NA
"208","CHN","China",8486,"Chinese Exclusive Economic Zone","200NM",NA,NA,NA,NA,NA
"209","EST","Estonia",5675,"Estonian Exclusive Economic Zone","200NM",NA,NA,NA,NA,NA
"210","FIN","Finland",5676,"Finnish Exclusive Economic Zone","200NM",NA,NA,NA,NA,NA
"211","SWE","Sweden",5694,"Swedish Exclusive Economic Zone","200NM",NA,NA,NA,NA,NA
"212","LTU","Lithuania",5684,"Lithuanian Exclusive Economic Zone","200NM",NA,NA,NA,NA,NA
"213",NA,"Joint regime area: Sweden / Norway",48977,"Joint regime area: Sweden / Norway","Joint regime",NA,"NOR","SWE",NA,"Norway"
"214","BEL","Belgium",3293,"Belgian Exclusive Economic Zone","200NM",NA,NA,NA,NA,NA
"215","NLD","Netherlands",5668,"Dutch Exclusive Economic Zone","200NM",NA,NA,NA,NA,NA
"216","DEU","Germany",5669,"German Exclusive Economic Zone","200NM",NA,NA,NA,NA,NA
"217","DNK","Denmark",5674,"Danish Exclusive Economic Zone","200NM",NA,NA,NA,NA,NA
"218","LVA","Latvia",5683,"Latvian Exclusive Economic Zone","200NM",NA,NA,NA,NA,NA
"219","HRV","Croatia",5673,"Croatian Exclusive Economic Zone","200NM",NA,NA,NA,NA,NA
"220","ITA","Italy",5682,"Italian Exclusive Economic Zone","200NM",NA,NA,NA,NA,NA
"221","UKR","Ukraine",5695,"Overlapping claim Ukraine: Ukraine / Russia","Overlapping claim",NA,NA,NA,NA,NA
"222","ROU","Romania",5689,"Romanian Exclusive Economic Zone","200NM",NA,NA,NA,NA,NA
"223","JPN","Japan",8487,"Japanese Exclusive Economic Zone","200NM",NA,NA,NA,NA,NA
"224",NA,"Kuril Islands",48950,"Overlapping claim Kuril Islands: Japan / Russia","Overlapping claim",NA,NA,NA,NA,NA
"225","IND","Andaman and Nicobar",8333,"Indian Exclusive Economic Zone (Andaman and Nicobar Islands)","200NM",NA,NA,NA,NA,NA
"226","PAK","Pakistan",8359,"Pakistani Exclusive Economic Zone","200NM",NA,NA,NA,NA,NA
"227","TKM","Turkmenistan",26523,"Turkmen Exclusive Economic Zone","200NM",NA,NA,NA,NA,NA
"228","AZE","Azerbaijan",26524,"Azerbaijani Exclusive Economic Zone","200NM",NA,NA,NA,NA,NA
"229","KAZ","Kazakhstan",26522,"Kazakh Exclusive Economic Zone","200NM",NA,NA,NA,NA,NA
"230","MMR","Myanmar",8482,"Myanma Exclusive Economic Zone","200NM",NA,NA,NA,NA,NA
"231","POL","Poland",5687,"Polish Exclusive Economic Zone","200NM",NA,NA,NA,NA,NA
"232","IND","India",8480,"Indian Exclusive Economic Zone","200NM",NA,NA,NA,NA,NA
"233",NA,"Halaib Triangle",26582,"Overlapping claim Halaib Triangle: Sudan / Egypt","Overlapping claim",NA,NA,NA,NA,NA
"234","BEN","Benin",8393,"Beninese Exclusive Economic Zone","200NM",NA,NA,NA,NA,NA
"235","SVN","Slovenia",5692,"Slovenian Exclusive Economic Zone","200NM",NA,NA,NA,NA,NA
"236","MYS","Malaysia",8483,"Malaysian Exclusive Economic Zone","200NM",NA,NA,NA,NA,NA
"237",NA,"Overlapping claim: South China Sea",49003,"Overlapping claim: South China Sea","Overlapping claim",NA,"CHN",NA,NA,"China"
"238",NA,"Joint regime area: Croatia / Slovenia",50167,"Joint regime area: Croatia / Slovenia","Joint regime",NA,"HRV","SVN",NA,"Croatia"
"239","KOR","South Korea",8327,"South Korean Exclusive Economic Zone","200NM",NA,NA,NA,NA,NA
"240",NA,"Liancourt Rocks",48955,"Overlapping claim Liancourt Rocks: Japan / South Korea","Overlapping claim",NA,NA,NA,NA,NA
"241",NA,"Overlapping claim: Qatar / Saudi Arabia / United Arab Emirates",50170,"Overlapping claim: Qatar / Saudi Arabia / United Arab Emirates","Overlapping claim",NA,"QAT","SAU","ARE","Qatar"
"242","NZL","New Zealand",8455,"New Zealand Exclusive Economic Zone","200NM",NA,NA,NA,NA,NA
"243","UMI","Jarvis Island",8442,"United States Exclusive Economic Zone (Jarvis Islands)","200NM",NA,NA,NA,NA,NA
"244","TUV","Tuvalu",8326,"Tuvaluan Exclusive Economic Zone","200NM",NA,NA,NA,NA,NA
"245","WLF","Wallis and Futuna",8454,"French Exclusive Economic Zone (Wallis and Futuna)","200NM",NA,NA,NA,NA,NA
"246","UMI","Howland and Baker Islands",8451,"United States Exclusive Economic Zone (Howland and Baker Islands)","200NM",NA,NA,NA,NA,NA
"247","FJI","Fiji",8325,"Fijian Exclusive Economic Zone","200NM",NA,NA,NA,NA,NA
"248","BRA","Brazil",8464,"Brazilian Exclusive Economic Zone","200NM",NA,NA,NA,NA,NA
"249","KIR","Line Group",8441,"Kiribati Exclusive Economic Zone (Line Group)","200NM",NA,NA,NA,NA,NA
"250","KIR","Gilbert Islands",8488,"Kiribati Exclusive Economic Zone (Gilbert Islands)","200NM",NA,NA,NA,NA,NA
"251","ECU","Galapagos",8403,"Ecuadorian Exclusive Economic Zone (Galapagos)","200NM",NA,NA,NA,NA,NA
"252","ECU","Ecuador",8431,"Ecuadorian Exclusive Economic Zone","200NM",NA,NA,NA,NA,NA
"253","STP","Sao Tome and Principe",8397,"São Toméan Exclusive Economic Zone","200NM",NA,NA,NA,NA,NA
"254","FSM","Micronesia",8316,"Micronesian Exclusive Economic Zone","200NM",NA,NA,NA,NA,NA
"255","GNQ","Equatorial Guinea",8398,"Equatorial Guinean Exclusive Economic Zone","200NM",NA,NA,NA,NA,NA
"256","MDV","Maldives",8345,"Maldivian Exclusive Economic Zone","200NM",NA,NA,NA,NA,NA
"257","PNG","Papua New Guinea",8324,"Papua New Guinean Exclusive Economic Zone","200NM",NA,NA,NA,NA,NA
"258","SOM","Federal Republic of Somalia",8350,"Somali Exclusive Economic Zone","200NM",NA,NA,NA,NA,NA
"259","NRU","Nauru",8317,"Nauruan Exclusive Economic Zone","200NM",NA,NA,NA,NA,NA
"260","GAB","Gabon",8476,"Gabonese Exclusive Economic Zone","200NM",NA,NA,NA,NA,NA
"261","IDN","Indonesia",8492,"Indonesian Exclusive Economic Zone","200NM",NA,NA,NA,NA,NA
"262",NA,"Joint regime area: United States / Russia",48978,"Joint regime area: United States / Russia","Joint regime",NA,"USA","RUS",NA,"United States"
"263","FRA","France",5677,"French Exclusive Economic Zone","200NM",NA,NA,NA,NA,NA
"264","DZA","Algeria",8378,"Algerian Exclusive Economic Zone","200NM",NA,NA,NA,NA,NA
"265","GHA","Ghana",8400,"Ghanaian Exclusive Economic Zone","200NM",NA,NA,NA,NA,NA
"266","GRL","Greenland",8438,"Danish Exclusive Economic Zone (Greenland)","200NM",NA,NA,NA,NA,NA
"267","GBR","United Kingdom",5696,"British Exclusive Economic Zone","200NM",NA,NA,NA,NA,NA
"268","USA","Hawaii",8453,"United States Exclusive Economic Zone (Hawaii)","200NM",NA,NA,NA,NA,NA
"269","SJM","Svalbard",33181,"Norwegian Exclusive Economic Zone (Svalbard)","200NM",NA,NA,NA,NA,NA
"270","NOR","Norway",5686,"Norwegian Exclusive Economic Zone","200NM",NA,NA,NA,NA,NA
"271","RUS","Russia",5690,"Russian Exclusive Economic Zone","200NM",NA,NA,NA,NA,NA
"272","SJM","Jan Mayen",8437,"Norwegian Exclusive Economic Zone (Jan Mayen)","200NM",NA,NA,NA,NA,NA
"273","USA","Alaska",8463,"United States Exclusive Economic Zone (Alaska)","200NM",NA,NA,NA,NA,NA
"274","ESP","Spain",5693,"Spanish Exclusive Economic Zone","200NM",NA,NA,NA,NA,NA
"275","MUS","Chagos Archipelago",62589,"Mauritian Exclusive Economic Zone (Chagos Archipelago)","200NM",NA,NA,NA,NA,NA
"276","SGS","South Georgia and the South Sandwich Islands",8383,"Overlapping claim South Georgia and the South Sandwich Islands: United Kingdom / Argentina","Overlapping claim",NA,NA,NA,NA,NA
"277","BMU","Bermuda",8402,"British Exclusive Economic Zone (Bermuda)","200NM",NA,NA,NA,NA,NA
"278","USA","United States",8456,"United States Exclusive Economic Zone","200NM",NA,NA,NA,NA,NA
"279","SDN","Sudan",8355,"Sudanese Exclusive Economic Zone","200NM",NA,NA,NA,NA,NA
"280","IMN","Isle of Man",64446,"British Exclusive Economic Zone (Isle of Man)","200NM",NA,NA,NA,NA,NA
"281",NA,"Overlapping claim: Iraq / Iran",64460,"Overlapping claim: Iraq / Iran","Overlapping claim",NA,"IRQ","IRN",NA,"Iraq"
"282",NA,"Overlapping claim: Egypt / Libya",64430,"Overlapping claim: Egypt / Libya","Overlapping claim",NA,"EGY","LBY",NA,"Egypt"
"283",NA,"Overlapping claim: Belize / Honduras",64431,"Overlapping claim: Belize / Honduras","Overlapping claim",NA,"BLZ","HND",NA,"Belize"
"284",NA,"Joint regime area: Norway / Russia",64459,"Joint regime area: Norway / Russia","Joint regime",NA,"NOR","RUS",NA,"Norway"
"285",NA,"Overlapping claim: Malaysia / Singapore",64440,"Overlapping claim: Malaysia / Singapore","Overlapping claim",NA,"MYS","SGP",NA,"Malaysia"
